passenger_id,age,gender,aadhaar_hash,email_masked,phone_masked,age_band
P1000,52,F,dbc976463c58cebc,v***@gmail.com,+91-XXXXX90,41-60
P1001,15,M,770d0e3801d16861,k***@hotmail.com,+91-XXXXX97,<18
P1002,72,M,d94d5c74b1b87dfe,m***@outlook.com,+91-XXXXX92,60+
P1003,61,F,c0365e092e3fd791,m***@hotmail.com,+91-XXXXX51,60+
P1004,21,M,e15e595420702d9c,s***@outlook.com,+91-XXXXX13,18-25
P1005,83,M,3e7cbdb10682f4fd,r***@gmail.com,+91-XXXXX18,60+
P1006,87,M,4c6df17148b70b73,k***@yahoo.com,+91-XXXXX30,60+
P1007,75,M,c762e9bd17ddd51c,s***@gmail.com,+91-XXXXX19,60+
P1008,75,M,83906cf41776b056,k***@gmail.com,+91-XXXXX00,60+
P1009,88,M,ba24b245313a65c9,s***@hotmail.com,+91-XXXXX19,60+
P1010,24,M,5350a097ced4ef90,s***@yahoo.com,+91-XXXXX90,18-25
P1011,3,M,2293ee73d4f77807,s***@yahoo.com,+91-XXXXX18,<18
P1012,22,M,af52bbe3cde66417,a***@yahoo.com,+91-XXXXX45,18-25
P1013,53,M,8ff3a9e6262425f3,s***@hotmail.com,+91-XXXXX98,41-60
P1014,2,F,61a34ddc31208a2c,a***@outlook.com,+91-XXXXX05,<18
P1015,88,F,cf5b2120add21412,a***@gmail.com,+91-XXXXX41,60+
P1016,30,M,85509ae30feb0c68,v***@rediffmail.com,+91-XXXXX26,26-40
P1017,38,F,da3098de17fce8e6,r***@rediffmail.com,+91-XXXXX76,26-40
P1018,2,F,250faf542f9929b6,i***@hotmail.com,+91-XXXXX20,<18
P1019,64,M,924217336dcbea80,d***@gmail.com,+91-XXXXX29,60+
P1020,60,M,bef416eac99f64a6,a***@yahoo.com,+91-XXXXX28,41-60
P1021,21,M,7d7a84f99f5d7f14,k***@yahoo.com,+91-XXXXX94,18-25
P1022,33,F,131c35adc96918bf,s***@outlook.com,+91-XXXXX77,26-40
P1023,76,F,beefa2aafcc1a4d7,a***@hotmail.com,+91-XXXXX73,60+
P1024,58,M,0d452c4028971903,v***@yahoo.com,+91-XXXXX41,41-60
P1025,22,M,386e0394a3459c9a,a***@yahoo.com,+91-XXXXX72,18-25
P1026,89,M,033b57be200f6774,i***@hotmail.com,+91-XXXXX52,60+
P1027,49,F,8678786d372fab3f,r***@gmail.com,+91-XXXXX99,41-60
P1028,59,F,5e16f6e224f6419e,a***@gmail.com,+91-XXXXX47,41-60
P1029,42,F,015ab4fc6836f4e2,d***@rediffmail.com,+91-XXXXX45,41-60
P1030,60,F,e59afa9adceb716c,a***@gmail.com,+91-XXXXX78,41-60
P1031,80,M,c8f20ebcc78be086,s***@gmail.com,+91-XXXXX43,60+
P1032,15,M,03b5e93e242d9ba6,k***@rediffmail.com,+91-XXXXX18,<18
P1033,62,M,30322df97492e29c,a***@hotmail.com,+91-XXXXX98,60+
P1034,62,M,fb2906d1b2807aea,i***@gmail.com,+91-XXXXX83,60+
P1035,47,F,9652b2c0f0c3fb4a,v***@hotmail.com,+91-XXXXX14,41-60
P1036,62,F,0964909a1ef943dd,r***@rediffmail.com,+91-XXXXX96,60+
P1037,51,M,7c85be4eb4a96169,m***@rediffmail.com,+91-XXXXX72,41-60
P1038,55,M,64d4a3b33e66e979,i***@yahoo.com,+91-XXXXX41,41-60
P1039,64,F,41948ed0a32ff1cb,s***@hotmail.com,+91-XXXXX42,60+
P1040,3,M,13b10b0b81ffda5f,m***@hotmail.com,+91-XXXXX28,<18
P1041,51,F,6c80cd3e70a72530,s***@hotmail.com,+91-XXXXX48,41-60
P1042,7,M,5a292fcecf094508,a***@hotmail.com,+91-XXXXX24,<18
P1043,21,M,091072247e525b38,a***@hotmail.com,+91-XXXXX17,18-25
P1044,73,M,82ccbd2b665e4b5b,s***@yahoo.com,+91-XXXXX44,60+
P1045,39,M,7554b126e9915f5c,k***@yahoo.com,+91-XXXXX59,26-40
P1046,18,M,b8c77c1c538c0a5f,s***@yahoo.com,+91-XXXXX91,18-25
P1047,4,M,f1252d45eec387cc,i***@rediffmail.com,+91-XXXXX72,<18
P1048,89,M,e3d83f5b719c6325,s***@gmail.com,+91-XXXXX36,60+
P1049,60,F,78db7a53e437ad67,a***@rediffmail.com,+91-XXXXX90,41-60
P1050,14,F,b920ce24bb6dae54,a***@yahoo.com,+91-XXXXX22,<18
P1051,9,F,5dea873ab102c396,a***@outlook.com,+91-XXXXX94,<18
P1052,53,F,417cbabf6a4093a1,s***@gmail.com,+91-XXXXX65,41-60
P1053,2,F,53943f18ba939409,m***@gmail.com,+91-XXXXX19,<18
P1054,84,M,5b8f23b4dfa786ae,m***@rediffmail.com,+91-XXXXX21,60+
P1055,60,M,8cbf126199792993,i***@gmail.com,+91-XXXXX00,41-60
P1056,71,F,34ca118ee1a44890,s***@rediffmail.com,+91-XXXXX28,60+
P1057,44,M,78a20a2641c01cc6,i***@outlook.com,+91-XXXXX37,41-60
P1058,8,F,35403de5dea9377c,d***@yahoo.com,+91-XXXXX68,<18
P1059,47,F,2cd7571febc81eb5,i***@outlook.com,+91-XXXXX12,41-60
P1060,35,M,a666da58b335b059,r***@yahoo.com,+91-XXXXX30,26-40
P1061,78,M,5f7623255dea27eb,s***@hotmail.com,+91-XXXXX58,60+
P1062,81,M,b974c495d824f1dc,a***@rediffmail.com,+91-XXXXX51,60+
P1063,36,F,47071281949abcf9,s***@gmail.com,+91-XXXXX84,26-40
P1064,50,M,4d12d56d50fcc4c1,k***@yahoo.com,+91-XXXXX04,41-60
P1065,4,F,191820c91b2c11cf,i***@hotmail.com,+91-XXXXX06,<18
P1066,2,F,dda77077593af809,r***@outlook.com,+91-XXXXX46,<18
P1067,6,F,2864212746d5a0f1,r***@hotmail.com,+91-XXXXX47,<18
P1068,54,M,622bda7f803b545f,s***@yahoo.com,+91-XXXXX00,41-60
P1069,4,M,7155224982f76593,k***@yahoo.com,+91-XXXXX01,<18
P1070,54,F,fd0c630a0e3da328,i***@outlook.com,+91-XXXXX32,41-60
P1071,63,M,5a3adda554875206,s***@gmail.com,+91-XXXXX77,60+
P1072,18,M,a2395f1f7710e24a,k***@yahoo.com,+91-XXXXX37,18-25
P1073,44,M,aeb5cd3d61e95ae2,a***@outlook.com,+91-XXXXX65,41-60
P1074,34,F,36dd99463c342690,r***@hotmail.com,+91-XXXXX88,26-40
P1075,74,F,6effb43ea4b2cf0d,k***@yahoo.com,+91-XXXXX35,60+
P1076,62,M,1cc73e34d6c755de,k***@hotmail.com,+91-XXXXX98,60+
P1077,14,F,2db924f1b6350727,m***@hotmail.com,+91-XXXXX09,<18
P1078,48,M,08d736074ca62e6a,r***@yahoo.com,+91-XXXXX06,41-60
P1079,15,M,e2acbe6ff11787f4,d***@hotmail.com,+91-XXXXX80,<18
P1080,72,M,e37ec60702ee62ed,s***@rediffmail.com,+91-XXXXX67,60+
P1081,78,M,08dd18e3a6e1905d,k***@rediffmail.com,+91-XXXXX43,60+
P1082,87,F,968d1efafb717c70,s***@gmail.com,+91-XXXXX04,60+
P1083,62,F,d58930f4ac621794,a***@outlook.com,+91-XXXXX85,60+
P1084,40,F,0a8e5fb92010eb44,a***@hotmail.com,+91-XXXXX66,26-40
P1085,85,M,50d36c83aaa88bee,d***@hotmail.com,+91-XXXXX99,60+
P1086,80,M,c06d2daa37134954,v***@gmail.com,+91-XXXXX15,60+
P1087,82,M,eee87a0bd3950275,v***@yahoo.com,+91-XXXXX88,60+
P1088,53,F,45e6a59dde2e5db1,i***@outlook.com,+91-XXXXX20,41-60
P1089,24,M,a37d9fbbbdf1ea4c,i***@gmail.com,+91-XXXXX22,18-25
P1090,26,F,a005b1c7cd452d56,v***@outlook.com,+91-XXXXX87,26-40
P1091,89,F,6c960c22c1fe51b9,i***@outlook.com,+91-XXXXX58,60+
P1092,60,F,de0f2bf1550e9da5,r***@yahoo.com,+91-XXXXX14,41-60
P1093,41,F,5117ae6aec82ab79,a***@outlook.com,+91-XXXXX84,41-60
P1094,29,F,59044e3376fb6861,k***@rediffmail.com,+91-XXXXX83,26-40
P1095,15,F,a40440d0dfe15f0a,a***@outlook.com,+91-XXXXX71,<18
P1096,45,M,44cad39d1430ae75,m***@hotmail.com,+91-XXXXX66,41-60
P1097,65,M,0ebfd2dd39a6e2bc,s***@outlook.com,+91-XXXXX05,60+
P1098,89,F,70c9b6b58f415db0,r***@yahoo.com,+91-XXXXX81,60+
P1099,71,F,c8407d3555af73c0,v***@hotmail.com,+91-XXXXX48,60+
P1100,9,M,903fe1f863a69101,m***@rediffmail.com,+91-XXXXX19,<18
P1101,88,F,7e214d500f9c34ec,s***@rediffmail.com,+91-XXXXX90,60+
P1102,1,F,e50d6e318f4c559d,m***@outlook.com,+91-XXXXX38,<18
P1103,8,M,c0a494b44ac83707,i***@hotmail.com,+91-XXXXX81,<18
P1104,88,F,06db47b44129f602,v***@outlook.com,+91-XXXXX80,60+
P1105,63,F,d85a98ee2d3f3bf6,m***@yahoo.com,+91-XXXXX27,60+
P1106,11,F,7a816e9f180072d2,s***@outlook.com,+91-XXXXX10,<18
P1107,81,M,2fa23e4bcf45cdc3,a***@yahoo.com,+91-XXXXX48,60+
P1108,8,M,78d27004c3eef542,i***@outlook.com,+91-XXXXX73,<18
P1109,35,M,af2e17bd6a80b5ba,v***@outlook.com,+91-XXXXX71,26-40
P1110,35,F,fc5b9302be0cb1b8,i***@rediffmail.com,+91-XXXXX29,26-40
P1111,33,F,ae755679f2be9d0d,k***@yahoo.com,+91-XXXXX00,26-40
P1112,5,M,a20394f2ab95e25f,s***@hotmail.com,+91-XXXXX45,<18
P1113,41,F,63d3eb978df61a3f,a***@rediffmail.com,+91-XXXXX66,41-60
P1114,28,F,930adc604fee89b8,a***@yahoo.com,+91-XXXXX37,26-40
P1115,7,F,f226683e7d295030,s***@hotmail.com,+91-XXXXX77,<18
P1116,73,F,6facd2629686f3c6,v***@yahoo.com,+91-XXXXX66,60+
P1117,72,F,211eb05f5c16bce3,a***@rediffmail.com,+91-XXXXX74,60+
P1118,12,M,66e974f766d828ed,v***@yahoo.com,+91-XXXXX99,<18
P1119,34,F,7aa984b9b89035a6,a***@outlook.com,+91-XXXXX39,26-40
P1120,33,M,5eeffeb0445f91ba,a***@hotmail.com,+91-XXXXX75,26-40
P1121,48,F,825918f43106092d,r***@rediffmail.com,+91-XXXXX55,41-60
P1122,23,M,8c48e2adbf89f692,a***@hotmail.com,+91-XXXXX58,18-25
P1123,62,F,fadfc65060a5ba33,s***@gmail.com,+91-XXXXX10,60+
P1124,88,M,ed1cfc90e423f194,m***@outlook.com,+91-XXXXX17,60+
P1125,37,F,70fe11d27fb81a85,r***@gmail.com,+91-XXXXX30,26-40
P1126,44,M,849c7842a1f79cf6,i***@gmail.com,+91-XXXXX47,41-60
P1127,86,F,b870f88bdfdf9b37,m***@hotmail.com,+91-XXXXX14,60+
P1128,35,M,50fd92c16a94d095,d***@yahoo.com,+91-XXXXX79,26-40
P1129,65,F,c45331790c428b99,v***@hotmail.com,+91-XXXXX92,60+
P1130,47,M,87bb1dea594e4f87,s***@hotmail.com,+91-XXXXX16,41-60
P1131,78,M,0b39b3fecde07141,s***@rediffmail.com,+91-XXXXX23,60+
P1132,3,F,856791aeefe38457,i***@hotmail.com,+91-XXXXX76,<18
P1133,1,F,0ec3dc2d755d7dc8,s***@gmail.com,+91-XXXXX45,<18
P1134,5,M,3f2a62aada069245,i***@outlook.com,+91-XXXXX87,<18
P1135,14,F,61d14ce855b98aee,s***@yahoo.com,+91-XXXXX37,<18
P1136,27,M,fb31251c25fc3d6e,a***@outlook.com,+91-XXXXX90,26-40
P1137,9,M,6201618920c29eca,a***@rediffmail.com,+91-XXXXX24,<18
P1138,79,M,f0b4f88b7167d23c,s***@outlook.com,+91-XXXXX55,60+
P1139,15,F,2e6f3d138fce7d29,a***@yahoo.com,+91-XXXXX41,<18
P1140,42,M,7eb8d25e1c71a24e,s***@outlook.com,+91-XXXXX75,41-60
P1141,77,M,9fac07f88140e600,s***@rediffmail.com,+91-XXXXX20,60+
P1142,51,F,3ec2290042bcd560,s***@gmail.com,+91-XXXXX30,41-60
P1143,63,F,bb061f0742e0737e,a***@hotmail.com,+91-XXXXX70,60+
P1144,52,F,ffd7accdefaafb94,a***@gmail.com,+91-XXXXX62,41-60
P1145,4,F,77c2c7b7c269e633,a***@yahoo.com,+91-XXXXX31,<18
P1146,23,M,35c51d99072add48,k***@outlook.com,+91-XXXXX76,18-25
P1147,15,M,972005d36e6b5d38,r***@outlook.com,+91-XXXXX47,<18
P1148,43,M,dd5c855ea083503c,m***@hotmail.com,+91-XXXXX07,41-60
P1149,29,M,dcff244b7596f1aa,i***@yahoo.com,+91-XXXXX86,26-40
P1150,36,F,e6771e11f3bdc941,a***@hotmail.com,+91-XXXXX98,26-40
P1151,13,M,7cd9132d0535e942,k***@gmail.com,+91-XXXXX88,<18
P1152,32,M,cff755371cabb46b,d***@hotmail.com,+91-XXXXX68,26-40
P1153,71,F,2930e523e79fd302,i***@rediffmail.com,+91-XXXXX10,60+
P1154,59,M,1f37a5e268ebf087,m***@rediffmail.com,+91-XXXXX92,41-60
P1155,86,M,d35c06f25cba4dea,d***@gmail.com,+91-XXXXX41,60+
P1156,28,M,90fa07e57fe151c4,r***@hotmail.com,+91-XXXXX27,26-40
P1157,66,M,8f059d14b2ed3128,a***@hotmail.com,+91-XXXXX33,60+
P1158,42,M,8cd92e00ff99e2fd,m***@outlook.com,+91-XXXXX34,41-60
P1159,45,M,32169517f6e6cd3b,a***@yahoo.com,+91-XXXXX44,41-60
P1160,62,F,f0db267c34ece4e5,a***@outlook.com,+91-XXXXX14,60+
P1161,57,F,5fae730a5ce397d4,k***@hotmail.com,+91-XXXXX70,41-60
P1162,6,M,c1b1f5ec3a80dd61,r***@outlook.com,+91-XXXXX01,<18
P1163,28,M,352ab82b50007175,a***@rediffmail.com,+91-XXXXX91,26-40
P1164,28,F,9cdf50edbb7ffad7,s***@yahoo.com,+91-XXXXX86,26-40
P1165,44,M,21c6aeecba1ce2d2,i***@rediffmail.com,+91-XXXXX18,41-60
P1166,84,M,a4fc6d6a6212cb0d,k***@rediffmail.com,+91-XXXXX97,60+
P1167,30,M,3c1fbb76621fbfd6,r***@rediffmail.com,+91-XXXXX18,26-40
P1168,62,F,d9834e55810cca4b,m***@rediffmail.com,+91-XXXXX89,60+
P1169,75,M,a04d571c2e1f35e8,k***@hotmail.com,+91-XXXXX10,60+
P1170,89,F,e84a358922e280f6,a***@rediffmail.com,+91-XXXXX26,60+
P1171,62,M,b4adb0fa0a8a39cc,i***@hotmail.com,+91-XXXXX67,60+
P1172,1,F,3bd6893a1c2e2dcf,s***@yahoo.com,+91-XXXXX00,<18
P1173,27,F,66e3479af479f31d,a***@rediffmail.com,+91-XXXXX08,26-40
P1174,62,M,8dc79f9983632371,s***@outlook.com,+91-XXXXX04,60+
P1175,77,F,19e135acda45f154,m***@hotmail.com,+91-XXXXX34,60+
P1176,3,M,83cde8ea0990b6b2,r***@outlook.com,+91-XXXXX71,<18
P1177,70,F,e5a640ca6da5ecb1,r***@gmail.com,+91-XXXXX52,60+
P1178,72,M,348cc39a0f891c96,k***@outlook.com,+91-XXXXX41,60+
P1179,27,M,e0e97bb8351ac1b6,s***@hotmail.com,+91-XXXXX16,26-40
P1180,9,F,a0016250835433f4,a***@outlook.com,+91-XXXXX34,<18
P1181,62,M,6b4e68a54cd80768,s***@outlook.com,+91-XXXXX72,60+
P1182,37,M,c9750e9b59970c89,a***@outlook.com,+91-XXXXX37,26-40
P1183,51,F,bcc08936c56a0188,s***@rediffmail.com,+91-XXXXX03,41-60
P1184,44,M,040b4949e22cfeaf,s***@outlook.com,+91-XXXXX10,41-60
P1185,24,M,4beb860acc20723b,a***@outlook.com,+91-XXXXX29,18-25
P1186,79,F,64dce1715849f431,s***@yahoo.com,+91-XXXXX03,60+
P1187,59,F,bb679b6ef78b6e27,a***@gmail.com,+91-XXXXX66,41-60
P1188,32,M,f5c13f29ad67f4bc,a***@hotmail.com,+91-XXXXX91,26-40
P1189,88,M,94e98c63289b47b7,a***@yahoo.com,+91-XXXXX87,60+
P1190,52,F,d796877fb8c3bf1b,a***@rediffmail.com,+91-XXXXX06,41-60
P1191,62,F,292c0b87e94b0636,a***@rediffmail.com,+91-XXXXX74,60+
P1192,58,M,7817a85def3a0020,a***@hotmail.com,+91-XXXXX55,41-60
P1193,52,F,1207c63960f2c33e,i***@yahoo.com,+91-XXXXX09,41-60
P1194,12,M,3e645071f0748607,a***@gmail.com,+91-XXXXX55,<18
P1195,39,M,aaa3187068fd9c6f,a***@hotmail.com,+91-XXXXX49,26-40
P1196,2,M,b89eaddb64aa0e50,s***@rediffmail.com,+91-XXXXX35,<18
P1197,3,M,2d8eb082385fc61c,k***@gmail.com,+91-XXXXX29,<18
P1198,56,M,a62b9c37bbe87632,k***@outlook.com,+91-XXXXX65,41-60
P1199,81,F,7b8bd4b956dd678f,a***@hotmail.com,+91-XXXXX48,60+
P1200,59,F,714563f68f5ce5d1,s***@outlook.com,+91-XXXXX49,41-60
P1201,2,F,b08ec1f6fa00854b,m***@gmail.com,+91-XXXXX44,<18
P1202,2,F,5554601316c359a3,a***@hotmail.com,+91-XXXXX11,<18
P1203,54,M,d5f34d45414a7928,a***@gmail.com,+91-XXXXX21,41-60
P1204,87,M,f26cd202f6d598ce,s***@outlook.com,+91-XXXXX37,60+
P1205,1,M,9b8bd614ef7056e7,s***@yahoo.com,+91-XXXXX81,<18
P1206,19,M,766da8e28a05e9ea,d***@rediffmail.com,+91-XXXXX32,18-25
P1207,2,F,f8b567f2971e3984,s***@yahoo.com,+91-XXXXX12,<18
P1208,53,M,59e88f27af0c7b71,a***@yahoo.com,+91-XXXXX64,41-60
P1209,44,M,d4e54ac29a6c1a42,a***@gmail.com,+91-XXXXX02,41-60
P1210,32,F,5a171a392d4b7672,s***@outlook.com,+91-XXXXX40,26-40
P1211,70,F,46c459e3019a7a78,i***@outlook.com,+91-XXXXX64,60+
P1212,32,F,39b8d429bbf1e7e9,s***@rediffmail.com,+91-XXXXX59,26-40
P1213,68,F,484bfd19dabd5f56,s***@outlook.com,+91-XXXXX44,60+
P1214,55,M,d23ed0ae8c3dc399,r***@hotmail.com,+91-XXXXX30,41-60
P1215,75,M,0d97fb21e8282e3b,i***@outlook.com,+91-XXXXX88,60+
P1216,56,F,59dc411fd03e923b,r***@hotmail.com,+91-XXXXX82,41-60
P1217,17,M,d591b550de26d13e,k***@yahoo.com,+91-XXXXX84,<18
P1218,38,M,4e00f7c3778ddd7f,i***@gmail.com,+91-XXXXX38,26-40
P1219,24,M,54162956ffd2d350,m***@rediffmail.com,+91-XXXXX42,18-25
P1220,69,F,e1a4afdcc7cd2a80,s***@gmail.com,+91-XXXXX66,60+
P1221,70,M,e2198543446b7232,d***@gmail.com,+91-XXXXX80,60+
P1222,86,F,d629140c7804b92a,m***@hotmail.com,+91-XXXXX06,60+
P1223,11,M,7a02f8d6bb406526,s***@hotmail.com,+91-XXXXX74,<18
P1224,16,M,44ed7ab4588093ec,a***@outlook.com,+91-XXXXX07,<18
P1225,73,M,70321cd12dce7493,m***@rediffmail.com,+91-XXXXX58,60+
P1226,59,F,c8ed90703d31e6bf,k***@rediffmail.com,+91-XXXXX56,41-60
P1227,70,M,2d34be9b4b631198,a***@outlook.com,+91-XXXXX02,60+
P1228,80,F,b399b6fad2305928,a***@hotmail.com,+91-XXXXX12,60+
P1229,3,F,245678ced1f3083d,a***@hotmail.com,+91-XXXXX68,<18
P1230,20,F,a15bed37ac0d712c,k***@gmail.com,+91-XXXXX54,18-25
P1231,59,M,1f3fd4095e746a14,r***@gmail.com,+91-XXXXX36,41-60
P1232,36,M,23b3809c3007288f,i***@rediffmail.com,+91-XXXXX16,26-40
P1233,19,M,bf69f0e3817c2dab,i***@rediffmail.com,+91-XXXXX33,18-25
P1234,67,M,4ec15629da173cfe,a***@gmail.com,+91-XXXXX12,60+
P1235,19,F,49695f3f79ee621b,a***@outlook.com,+91-XXXXX36,18-25
P1236,20,F,16ce051a9da647df,m***@yahoo.com,+91-XXXXX81,18-25
P1237,71,F,2fc01ce750f65068,i***@hotmail.com,+91-XXXXX21,60+
P1238,52,M,c1aea863356f90ec,i***@rediffmail.com,+91-XXXXX50,41-60
P1239,33,F,ef0dcc931c8db8ef,a***@yahoo.com,+91-XXXXX86,26-40
P1240,40,M,cfbc2101d6f5174f,a***@outlook.com,+91-XXXXX16,26-40
P1241,39,F,838cd2bd87f824b8,a***@yahoo.com,+91-XXXXX78,26-40
P1242,82,M,f8929400d84f7993,i***@yahoo.com,+91-XXXXX94,60+
P1243,1,M,81fd154df3eeda7f,a***@gmail.com,+91-XXXXX31,<18
P1244,11,F,b0da557a92dc58d0,s***@hotmail.com,+91-XXXXX84,<18
P1245,57,F,6e826a5687090d38,a***@hotmail.com,+91-XXXXX82,41-60
P1246,89,F,ddf097dc6f0b9864,i***@hotmail.com,+91-XXXXX14,60+
P1247,50,F,e0cfd4c1e4fab36e,a***@gmail.com,+91-XXXXX61,41-60
P1248,23,M,ca8b527a112d0592,s***@gmail.com,+91-XXXXX45,18-25
P1249,31,F,0f9e348a4fdf0e18,k***@rediffmail.com,+91-XXXXX87,26-40
P1250,42,F,6d06d01bc0dfe4e5,a***@hotmail.com,+91-XXXXX41,41-60
P1251,7,F,9fdf535008fa2ab9,a***@outlook.com,+91-XXXXX12,<18
P1252,16,M,aab5ff244d356162,a***@outlook.com,+91-XXXXX26,<18
P1253,60,M,53abf576ddabbee7,a***@gmail.com,+91-XXXXX44,41-60
P1254,2,F,9213df2486c02b42,m***@yahoo.com,+91-XXXXX08,<18
P1255,1,M,bdc363c107163473,a***@yahoo.com,+91-XXXXX15,<18
P1256,48,F,395b3e5c53dbbb5e,k***@yahoo.com,+91-XXXXX16,41-60
P1257,12,M,8da9a8333f7a2fda,i***@hotmail.com,+91-XXXXX77,<18
P1258,69,M,b0dfd206f5d72bd0,d***@hotmail.com,+91-XXXXX17,60+
P1259,37,M,401a4221f9b7325c,r***@hotmail.com,+91-XXXXX80,26-40
P1260,32,M,bc047e8827c435e1,a***@outlook.com,+91-XXXXX67,26-40
P1261,9,F,ae7aba2d724ea479,s***@yahoo.com,+91-XXXXX47,<18
P1262,19,F,2d948f32995e5e4d,v***@rediffmail.com,+91-XXXXX19,18-25
P1263,48,F,15f760efd4cac847,r***@gmail.com,+91-XXXXX43,41-60
P1264,80,M,55864c231a0ab7ba,a***@yahoo.com,+91-XXXXX90,60+
P1265,3,F,793ddbd11ee7f442,a***@rediffmail.com,+91-XXXXX85,<18
P1266,20,F,b41c45d5b26d4ce4,a***@yahoo.com,+91-XXXXX54,18-25
P1267,24,F,73277bd4d977df5e,s***@yahoo.com,+91-XXXXX25,18-25
P1268,54,M,543e9f77de354af2,k***@hotmail.com,+91-XXXXX69,41-60
P1269,33,M,8005d90b3bd02289,a***@hotmail.com,+91-XXXXX68,26-40
P1270,24,M,52a4ea87eef41f7e,r***@gmail.com,+91-XXXXX75,18-25
P1271,75,F,da1dca0a232b08aa,m***@gmail.com,+91-XXXXX13,60+
P1272,72,F,c552e6a7436da4e3,s***@hotmail.com,+91-XXXXX50,60+
P1273,36,F,9c5784b2fdfcb0ce,k***@outlook.com,+91-XXXXX45,26-40
P1274,38,M,1afa4132e1bf1a16,s***@outlook.com,+91-XXXXX88,26-40
P1275,84,M,9e7fb986c0873cb0,a***@hotmail.com,+91-XXXXX27,60+
P1276,89,F,de666ffff6d386a4,k***@yahoo.com,+91-XXXXX27,60+
P1277,25,M,f440429e9aede984,s***@yahoo.com,+91-XXXXX90,18-25
P1278,18,M,1bdac3f64d319bae,a***@hotmail.com,+91-XXXXX71,18-25
P1279,82,M,250de348ca630167,i***@gmail.com,+91-XXXXX43,60+
P1280,66,M,0e3d9c09798384e8,a***@outlook.com,+91-XXXXX09,60+
P1281,54,F,a7a045b4cf2a0aaf,k***@yahoo.com,+91-XXXXX70,41-60
P1282,35,M,696528478f97cbba,k***@outlook.com,+91-XXXXX43,26-40
P1283,80,M,bf7824cf4962837c,s***@rediffmail.com,+91-XXXXX82,60+
P1284,61,M,30e66457dd03b142,v***@outlook.com,+91-XXXXX10,60+
P1285,41,M,34c9eec66dfdaa12,r***@yahoo.com,+91-XXXXX54,41-60
P1286,33,F,477bd061f1276baa,a***@yahoo.com,+91-XXXXX34,26-40
P1287,68,F,7c7d2d1a83e8ce97,i***@hotmail.com,+91-XXXXX06,60+
P1288,33,M,7e1d5b35b475b7e3,r***@yahoo.com,+91-XXXXX50,26-40
P1289,14,M,f91c74f916779746,r***@yahoo.com,+91-XXXXX79,<18
P1290,21,M,e3201f6343f65708,a***@hotmail.com,+91-XXXXX60,18-25
P1291,48,M,1f5823e7141093e9,a***@gmail.com,+91-XXXXX39,41-60
P1292,20,M,551e632c60650a99,m***@hotmail.com,+91-XXXXX75,18-25
P1293,8,M,d93eae5275794621,a***@hotmail.com,+91-XXXXX97,<18
P1294,7,F,47c8b7f59a283137,i***@gmail.com,+91-XXXXX91,<18
P1295,67,M,181c85b97b45bf24,m***@rediffmail.com,+91-XXXXX29,60+
P1296,17,F,2343e8decd0afe68,a***@hotmail.com,+91-XXXXX21,<18
P1297,33,F,40c9babf95867b21,a***@hotmail.com,+91-XXXXX70,26-40
P1298,48,M,b58c4e9fe399922d,a***@hotmail.com,+91-XXXXX52,41-60
P1299,76,F,274690f60e14c879,a***@hotmail.com,+91-XXXXX35,60+
P1300,59,F,eca61d62028a0d5a,v***@rediffmail.com,+91-XXXXX75,41-60
P1301,86,F,6b1e8c8e51e2be63,r***@outlook.com,+91-XXXXX37,60+
P1302,22,F,253ea3e64c6a31df,a***@outlook.com,+91-XXXXX12,18-25
P1303,30,F,8ef57a01221558ba,i***@rediffmail.com,+91-XXXXX31,26-40
P1304,38,F,61a52927255068b7,m***@rediffmail.com,+91-XXXXX64,26-40
P1305,51,M,38c01f8687ab033f,s***@rediffmail.com,+91-XXXXX59,41-60
P1306,54,F,0d8cae3fa3224fa5,s***@rediffmail.com,+91-XXXXX17,41-60
P1307,8,F,5487ee384473f6c3,a***@rediffmail.com,+91-XXXXX78,<18
P1308,27,F,b55ce25b5baa3050,s***@hotmail.com,+91-XXXXX90,26-40
P1309,27,M,37f329f9f873b55d,a***@outlook.com,+91-XXXXX26,26-40
P1310,21,F,3ada068315aba546,a***@rediffmail.com,+91-XXXXX38,18-25
P1311,30,M,3cd7d926c1900246,a***@outlook.com,+91-XXXXX00,26-40
P1312,28,F,5262bbc6b6730642,s***@gmail.com,+91-XXXXX80,26-40
P1313,64,M,3332601464726ce0,a***@rediffmail.com,+91-XXXXX72,60+
P1314,69,M,8d6307bae2e1c565,a***@yahoo.com,+91-XXXXX72,60+
P1315,61,F,52db1eb7111681b8,k***@hotmail.com,+91-XXXXX84,60+
P1316,48,F,7673741c9f794ab0,a***@gmail.com,+91-XXXXX34,41-60
P1317,19,M,576317e7c5c91caf,a***@gmail.com,+91-XXXXX46,18-25
P1318,4,F,d8562698cfd6e0e3,s***@hotmail.com,+91-XXXXX40,<18
P1319,35,M,8c8fe300df77e3c5,k***@hotmail.com,+91-XXXXX82,26-40
P1320,64,M,2bdc29f92cadd0e9,a***@yahoo.com,+91-XXXXX87,60+
P1321,49,M,e4014dd8e9cb6e7e,a***@outlook.com,+91-XXXXX33,41-60
P1322,17,M,1672a5254365e11a,k***@yahoo.com,+91-XXXXX22,<18
P1323,44,M,e1a7ab3df9379c61,s***@outlook.com,+91-XXXXX72,41-60
P1324,30,F,a8d06279a92c4b83,s***@gmail.com,+91-XXXXX93,26-40
P1325,46,M,181f85281f2727b1,a***@yahoo.com,+91-XXXXX04,41-60
P1326,6,M,054baf8cb6720f75,a***@rediffmail.com,+91-XXXXX72,<18
P1327,37,F,bc75bc78de7b9f76,a***@yahoo.com,+91-XXXXX97,26-40
P1328,24,M,05e9c3673eef745f,a***@gmail.com,+91-XXXXX75,18-25
P1329,46,F,372a793c1217bf0a,a***@gmail.com,+91-XXXXX51,41-60
P1330,53,F,9158cd865c568bc8,m***@outlook.com,+91-XXXXX37,41-60
P1331,60,F,2dbe0177e6095a37,a***@yahoo.com,+91-XXXXX42,41-60
P1332,63,M,21fdfbfe859833c0,k***@yahoo.com,+91-XXXXX93,60+
P1333,85,M,15adca8b23bcc6cc,k***@hotmail.com,+91-XXXXX26,60+
P1334,32,M,27095cb30bcf450e,m***@yahoo.com,+91-XXXXX71,26-40
P1335,87,F,3b31b14395b3543e,a***@outlook.com,+91-XXXXX61,60+
P1336,33,M,ad910bc03df834b7,a***@hotmail.com,+91-XXXXX32,26-40
P1337,67,F,0d253b8c75ef13f3,v***@hotmail.com,+91-XXXXX93,60+
P1338,18,M,79c35ca43b602a98,a***@rediffmail.com,+91-XXXXX09,18-25
P1339,25,F,b4877d49c817c569,s***@gmail.com,+91-XXXXX81,18-25
P1340,54,M,cc6bf1f53f7ab7dc,a***@hotmail.com,+91-XXXXX53,41-60
P1341,58,M,50b22bcd2265b7a3,r***@hotmail.com,+91-XXXXX98,41-60
P1342,67,M,53c80050968ce2f0,r***@gmail.com,+91-XXXXX29,60+
P1343,46,F,b8822f54b12be107,i***@hotmail.com,+91-XXXXX34,41-60
P1344,24,F,ac26dfa1ec60b8ac,a***@gmail.com,+91-XXXXX49,18-25
P1345,32,M,2aa181a3dd88973d,a***@yahoo.com,+91-XXXXX20,26-40
P1346,47,M,ac4101a7b4bdad9e,a***@hotmail.com,+91-XXXXX68,41-60
P1347,86,F,be98ff399919bbbf,a***@rediffmail.com,+91-XXXXX87,60+
P1348,23,F,91d1712e18f4864a,s***@yahoo.com,+91-XXXXX36,18-25
P1349,66,F,6e4bf8fa4c238a03,m***@hotmail.com,+91-XXXXX17,60+
P1350,27,M,8422abb99faefd7a,d***@rediffmail.com,+91-XXXXX43,26-40
P1351,2,F,4b43ee9f8c7450bd,a***@hotmail.com,+91-XXXXX75,<18
P1352,17,M,7d9698be24d3697c,s***@yahoo.com,+91-XXXXX48,<18
P1353,33,F,89a7bab563e1901b,i***@outlook.com,+91-XXXXX30,26-40
P1354,9,M,e58719ad5349273f,i***@gmail.com,+91-XXXXX05,<18
P1355,43,F,d011d092254b454d,i***@rediffmail.com,+91-XXXXX64,41-60
P1356,48,F,db3deb8e133413ff,a***@gmail.com,+91-XXXXX97,41-60
P1357,39,F,61acf4e518178ef2,a***@outlook.com,+91-XXXXX30,26-40
P1358,42,F,ec0ceccf2b4fbe57,i***@rediffmail.com,+91-XXXXX47,41-60
P1359,26,F,f0c2e49c3a46581e,a***@yahoo.com,+91-XXXXX18,26-40
P1360,50,M,47c3bffc2046bd94,d***@hotmail.com,+91-XXXXX88,41-60
P1361,25,F,19a90fc3b24732f3,a***@yahoo.com,+91-XXXXX05,18-25
P1362,24,F,ea71b3446c042eb7,a***@outlook.com,+91-XXXXX67,18-25
P1363,13,F,ecf436eeccaf1981,s***@yahoo.com,+91-XXXXX41,<18
P1364,60,M,95aec79279f75082,a***@hotmail.com,+91-XXXXX14,41-60
P1365,7,F,3015100d357c18e4,a***@rediffmail.com,+91-XXXXX09,<18
P1366,57,M,b8692f253d1d65f0,m***@gmail.com,+91-XXXXX73,41-60
P1367,36,F,7c0c44a9a7d0d852,r***@outlook.com,+91-XXXXX27,26-40
P1368,45,F,860e0d74eb0b6d9e,m***@rediffmail.com,+91-XXXXX56,41-60
P1369,20,M,5961a254263bc923,m***@yahoo.com,+91-XXXXX33,18-25
P1370,65,F,42b8ddb87d59455e,m***@outlook.com,+91-XXXXX13,60+
P1371,8,M,c16a77da97d53ee6,d***@rediffmail.com,+91-XXXXX58,<18
P1372,16,M,ab30379d90170872,a***@yahoo.com,+91-XXXXX74,<18
P1373,14,F,da856e3470bd1c82,s***@outlook.com,+91-XXXXX47,<18
P1374,76,M,51af76d96933148b,a***@outlook.com,+91-XXXXX68,60+
P1375,87,F,076cb9cbb27e1a52,k***@yahoo.com,+91-XXXXX09,60+
P1376,15,F,7008931fa72c7f82,k***@rediffmail.com,+91-XXXXX01,<18
P1377,66,M,61202abcd54f76e3,s***@rediffmail.com,+91-XXXXX79,60+
P1378,32,M,e891367379c1704d,a***@rediffmail.com,+91-XXXXX47,26-40
P1379,87,M,782b58e91bdf732a,k***@gmail.com,+91-XXXXX67,60+
P1380,63,M,de48b8b7dd76d67f,r***@gmail.com,+91-XXXXX03,60+
P1381,86,F,35fd98909d20a1d9,v***@rediffmail.com,+91-XXXXX84,60+
P1382,51,F,80761972408182e7,a***@gmail.com,+91-XXXXX61,41-60
P1383,25,M,0ed440cb30c6691a,a***@outlook.com,+91-XXXXX31,18-25
P1384,58,F,1c958503bac6f909,k***@gmail.com,+91-XXXXX39,41-60
P1385,63,F,17be0c0dd64114b0,r***@hotmail.com,+91-XXXXX00,60+
P1386,62,F,682fbfb1f45fd92a,r***@gmail.com,+91-XXXXX01,60+
P1387,22,F,3ad6de263fffdd02,a***@hotmail.com,+91-XXXXX85,18-25
P1388,58,M,e23c8712408bdbde,r***@outlook.com,+91-XXXXX69,41-60
P1389,58,M,f51561faac70ed50,m***@hotmail.com,+91-XXXXX07,41-60
P1390,86,F,ef27101b12cc0b0e,a***@hotmail.com,+91-XXXXX05,60+
P1391,49,M,d637a4309c5d83a5,a***@gmail.com,+91-XXXXX31,41-60
P1392,52,M,511550d46b2ee998,r***@outlook.com,+91-XXXXX07,41-60
P1393,42,M,63d993b39a5adeac,i***@gmail.com,+91-XXXXX78,41-60
P1394,70,F,b4289c3019bd1e7f,s***@outlook.com,+91-XXXXX58,60+
P1395,15,F,5e8e2cfe1e6fe756,r***@rediffmail.com,+91-XXXXX82,<18
P1396,54,F,35e9bbf3acede2ec,v***@gmail.com,+91-XXXXX47,41-60
P1397,60,M,3dfc307e0f7750d5,i***@gmail.com,+91-XXXXX05,41-60
P1398,8,F,ed0b76cd169a67c8,k***@hotmail.com,+91-XXXXX14,<18
P1399,53,F,1e2413922be2c617,a***@gmail.com,+91-XXXXX85,41-60
P1400,60,M,7d1e1cd15bf584cc,s***@rediffmail.com,+91-XXXXX41,41-60
P1401,5,F,0cb1522cd52b9ac6,s***@outlook.com,+91-XXXXX02,<18
P1402,68,F,3f3b6888860ec70b,r***@outlook.com,+91-XXXXX75,60+
P1403,6,M,95cd07f407086ee9,m***@hotmail.com,+91-XXXXX66,<18
P1404,47,M,fe99999e08b7b8e3,m***@rediffmail.com,+91-XXXXX85,41-60
P1405,55,M,69a4a3341e046469,a***@rediffmail.com,+91-XXXXX00,41-60
P1406,40,F,998ab3d6ccefe345,k***@hotmail.com,+91-XXXXX16,26-40
P1407,52,F,9820a79d94a6d1ea,s***@yahoo.com,+91-XXXXX62,41-60
P1408,16,F,c27b10e68c0a881e,d***@yahoo.com,+91-XXXXX47,<18
P1409,13,M,4944977e8b47628c,a***@hotmail.com,+91-XXXXX69,<18
P1410,30,M,81f923165e295ddd,s***@yahoo.com,+91-XXXXX57,26-40
P1411,19,F,151fa98cb02883ec,v***@yahoo.com,+91-XXXXX92,18-25
P1412,17,F,832a804cdf7fd086,r***@gmail.com,+91-XXXXX83,<18
P1413,63,M,63bdd70993fb194f,s***@rediffmail.com,+91-XXXXX74,60+
P1414,19,M,b73bca263a5f3415,m***@hotmail.com,+91-XXXXX20,18-25
P1415,58,M,6dd04c527417209e,a***@hotmail.com,+91-XXXXX05,41-60
P1416,55,M,2aaad7027703505a,r***@hotmail.com,+91-XXXXX49,41-60
P1417,62,F,55d06d49b336af27,r***@gmail.com,+91-XXXXX67,60+
P1418,23,M,451d4803ab49ce83,d***@outlook.com,+91-XXXXX44,18-25
P1419,9,F,bed3f11262966c23,k***@rediffmail.com,+91-XXXXX66,<18
P1420,12,F,d5b45dec019ee00d,d***@outlook.com,+91-XXXXX20,<18
P1421,1,F,81b02a1ceaf125cb,i***@yahoo.com,+91-XXXXX73,<18
P1422,58,M,4712d287578035b1,s***@rediffmail.com,+91-XXXXX40,41-60
P1423,1,M,01ce2ec2e0c96efb,a***@rediffmail.com,+91-XXXXX08,<18
P1424,34,M,767833fbf017dc9f,a***@hotmail.com,+91-XXXXX30,26-40
P1425,48,M,2b869e9baeb84fa2,a***@outlook.com,+91-XXXXX01,41-60
P1426,89,F,ecd35763e056f340,s***@gmail.com,+91-XXXXX79,60+
P1427,1,M,7650ac30b23290a0,i***@outlook.com,+91-XXXXX75,<18
P1428,16,M,120364d51c6eeb14,i***@outlook.com,+91-XXXXX37,<18
P1429,61,F,321da83c3e597048,a***@hotmail.com,+91-XXXXX83,60+
P1430,64,M,ab71931605ae6441,a***@yahoo.com,+91-XXXXX02,60+
P1431,63,F,8c371ac2324f5234,i***@rediffmail.com,+91-XXXXX64,60+
P1432,69,F,4c5bed43f4fc7d47,s***@outlook.com,+91-XXXXX07,60+
P1433,22,F,51a350280afd4d79,r***@rediffmail.com,+91-XXXXX79,18-25
P1434,67,F,f02f9007c511ed5b,k***@rediffmail.com,+91-XXXXX36,60+
P1435,76,F,dfbd3dad4cbc37fb,a***@hotmail.com,+91-XXXXX54,60+
P1436,26,F,23536cd14bb3f255,m***@yahoo.com,+91-XXXXX91,26-40
P1437,16,F,1e44bd92657c4833,k***@hotmail.com,+91-XXXXX34,<18
P1438,51,F,42bdaaa444767bcb,r***@outlook.com,+91-XXXXX27,41-60
P1439,86,M,d5bc3aaee14e3bd5,a***@outlook.com,+91-XXXXX86,60+
P1440,57,M,588fed260c666f29,r***@yahoo.com,+91-XXXXX07,41-60
P1441,29,M,827b208b58d5e40f,a***@yahoo.com,+91-XXXXX82,26-40
P1442,78,M,e39496c504e20bc0,a***@yahoo.com,+91-XXXXX48,60+
P1443,69,F,4e21840bfb30f860,s***@hotmail.com,+91-XXXXX35,60+
P1444,47,M,3fb3b50e76fc10b3,s***@outlook.com,+91-XXXXX48,41-60
P1445,62,F,3f2eaa5c23c4a2a4,d***@hotmail.com,+91-XXXXX78,60+
P1446,69,M,27dec77604b48b3f,i***@gmail.com,+91-XXXXX62,60+
P1447,76,M,96d5dabb6d88b5d2,a***@rediffmail.com,+91-XXXXX57,60+
P1448,16,M,ccfce4ec0b945c2f,d***@rediffmail.com,+91-XXXXX62,<18
P1449,48,F,0a58262be6b48a8b,d***@gmail.com,+91-XXXXX47,41-60
P1450,85,M,bf8e067d0d83144f,r***@rediffmail.com,+91-XXXXX78,60+
P1451,39,F,592931066fc4a757,a***@gmail.com,+91-XXXXX06,26-40
P1452,33,F,2350ee63bb4b49f5,a***@yahoo.com,+91-XXXXX21,26-40
P1453,23,M,203fed1423a76117,d***@hotmail.com,+91-XXXXX73,18-25
P1454,10,M,cdfe1bfe0b24e808,v***@outlook.com,+91-XXXXX11,<18
P1455,69,M,17648e4aacd57b25,i***@yahoo.com,+91-XXXXX55,60+
P1456,34,F,7f7374700a8e8971,a***@outlook.com,+91-XXXXX70,26-40
P1457,52,M,8eeb53de53796b6e,a***@outlook.com,+91-XXXXX98,41-60
P1458,10,F,7b2c2ba9a75d156e,v***@outlook.com,+91-XXXXX21,<18
P1459,19,F,169fbf1fc8e678f6,k***@yahoo.com,+91-XXXXX73,18-25
P1460,58,M,076b366f9dfb6658,k***@gmail.com,+91-XXXXX55,41-60
P1461,1,M,5dcb779a2be96706,r***@yahoo.com,+91-XXXXX60,<18
P1462,69,F,30abe0157d0854fe,r***@hotmail.com,+91-XXXXX63,60+
P1463,4,F,30da6233bd939774,v***@outlook.com,+91-XXXXX80,<18
P1464,16,F,44a6a8d2badd9243,s***@hotmail.com,+91-XXXXX38,<18
P1465,24,M,29dca801a5797f42,v***@yahoo.com,+91-XXXXX40,18-25
P1466,80,F,d0db5e8702a7c63a,a***@gmail.com,+91-XXXXX48,60+
P1467,2,M,d331bf21c2ea2bc1,i***@yahoo.com,+91-XXXXX88,<18
P1468,32,F,6cf71b0c56363330,m***@outlook.com,+91-XXXXX16,26-40
P1469,84,F,22b9013dc32da536,a***@gmail.com,+91-XXXXX13,60+
P1470,24,M,9108e2b7bb86f792,m***@rediffmail.com,+91-XXXXX72,18-25
P1471,12,F,ff07e1fadc2fbc43,a***@gmail.com,+91-XXXXX16,<18
P1472,50,M,096dc96bfd9af1d4,a***@yahoo.com,+91-XXXXX77,41-60
P1473,35,M,71ffa8b86d0e411e,v***@rediffmail.com,+91-XXXXX07,26-40
P1474,33,F,2b5ff4c48cd25b9a,s***@hotmail.com,+91-XXXXX87,26-40
P1475,33,M,89cb7e4f667e7288,s***@yahoo.com,+91-XXXXX43,26-40
P1476,61,M,9f8f6f48577784b1,v***@yahoo.com,+91-XXXXX14,60+
P1477,51,F,5047574547ad4514,k***@rediffmail.com,+91-XXXXX42,41-60
P1478,43,M,42aefe3de6faeb4c,m***@hotmail.com,+91-XXXXX15,41-60
P1479,12,M,38aebff4a8cec29c,s***@hotmail.com,+91-XXXXX44,<18
P1480,67,M,c211c0bcf74c86de,d***@outlook.com,+91-XXXXX50,60+
P1481,65,F,aa9515cae01d3283,i***@rediffmail.com,+91-XXXXX61,60+
P1482,33,M,2ff3a71fc7b858df,s***@outlook.com,+91-XXXXX43,26-40
P1483,40,F,f94cff7d25d2783d,a***@hotmail.com,+91-XXXXX37,26-40
P1484,74,F,6e24797e71c3038e,k***@gmail.com,+91-XXXXX78,60+
P1485,43,M,6c34fc6f0c49d28f,s***@hotmail.com,+91-XXXXX27,41-60
P1486,44,M,bd6b24eda80d043a,v***@yahoo.com,+91-XXXXX97,41-60
P1487,29,M,54d3954573290469,i***@outlook.com,+91-XXXXX35,26-40
P1488,13,F,5a1fea43ddcfd72b,a***@rediffmail.com,+91-XXXXX17,<18
P1489,12,M,2529de2ba1668af4,i***@hotmail.com,+91-XXXXX94,<18
P1490,46,M,10b17af26728d621,i***@hotmail.com,+91-XXXXX85,41-60
P1491,2,M,7fea1006400e6375,s***@hotmail.com,+91-XXXXX96,<18
P1492,35,M,3c32ac72b053743c,m***@outlook.com,+91-XXXXX32,26-40
P1493,87,M,5b6d88139b206dc6,s***@yahoo.com,+91-XXXXX79,60+
P1494,81,F,ff32e658f45352a0,k***@gmail.com,+91-XXXXX40,60+
P1495,8,F,f9cc402185648845,a***@rediffmail.com,+91-XXXXX07,<18
P1496,26,M,c6a2e209f0f02f51,s***@outlook.com,+91-XXXXX12,26-40
P1497,74,M,305e33638cd3103b,i***@hotmail.com,+91-XXXXX37,60+
P1498,34,M,7b5a4a73dfdf3507,r***@outlook.com,+91-XXXXX28,26-40
P1499,7,M,18ed1f5fe3f2b24e,m***@hotmail.com,+91-XXXXX36,<18
P1500,68,F,cded5452d1b304f8,a***@yahoo.com,+91-XXXXX50,60+
P1501,58,M,def912662c68d198,s***@hotmail.com,+91-XXXXX92,41-60
P1502,75,F,5dd4ea2b4400783f,v***@gmail.com,+91-XXXXX42,60+
P1503,29,F,fa7726ddc7d5e10b,r***@gmail.com,+91-XXXXX19,26-40
P1504,36,M,a3e304e3984f68d9,r***@yahoo.com,+91-XXXXX87,26-40
P1505,89,F,9093a222b3cad523,m***@yahoo.com,+91-XXXXX62,60+
P1506,21,F,6b8a6a906c370ae0,d***@gmail.com,+91-XXXXX15,18-25
P1507,36,F,015986d2c9bf35b1,a***@rediffmail.com,+91-XXXXX32,26-40
P1508,10,F,fdb930438a22d9e4,s***@rediffmail.com,+91-XXXXX78,<18
P1509,73,M,69a997d51d55293c,a***@hotmail.com,+91-XXXXX24,60+
P1510,24,M,89cf9fa8f89c330b,d***@outlook.com,+91-XXXXX87,18-25
P1511,64,F,b944f585ae8848a3,i***@hotmail.com,+91-XXXXX36,60+
P1512,49,M,ad098ce9e7bd81e4,r***@gmail.com,+91-XXXXX82,41-60
P1513,36,M,6b0e09aca3b2ccf2,m***@rediffmail.com,+91-XXXXX61,26-40
P1514,82,M,7040f94dda0cc4a7,a***@hotmail.com,+91-XXXXX42,60+
P1515,24,M,e3125508788f9c7f,i***@outlook.com,+91-XXXXX67,18-25
P1516,23,M,747d229a75eefe3a,r***@outlook.com,+91-XXXXX31,18-25
P1517,62,F,cbaa889cb578ed25,a***@outlook.com,+91-XXXXX91,60+
P1518,37,M,ac02571f7e0a4754,i***@yahoo.com,+91-XXXXX01,26-40
P1519,12,M,a57557bfdd95b471,a***@hotmail.com,+91-XXXXX41,<18
P1520,55,M,2ece334b0e1c51a2,i***@hotmail.com,+91-XXXXX36,41-60
P1521,13,M,74799cbb643befd5,k***@hotmail.com,+91-XXXXX68,<18
P1522,23,F,efb367b749024a45,r***@yahoo.com,+91-XXXXX64,18-25
P1523,89,F,14988124638484bd,k***@gmail.com,+91-XXXXX60,60+
P1524,30,F,d95924e062a0f447,k***@rediffmail.com,+91-XXXXX01,26-40
P1525,17,F,2e504c279a13e510,k***@rediffmail.com,+91-XXXXX73,<18
P1526,62,M,97dfd2b44100bfa4,s***@rediffmail.com,+91-XXXXX99,60+
P1527,84,F,624f4d2eee197f22,a***@yahoo.com,+91-XXXXX73,60+
P1528,89,M,4cba4f08c5f9ea15,d***@rediffmail.com,+91-XXXXX87,60+
P1529,86,M,921bcb0d2d18b892,k***@yahoo.com,+91-XXXXX64,60+
P1530,13,M,fe4c8c0ab0e4f727,r***@yahoo.com,+91-XXXXX79,<18
P1531,59,M,f6a5442663b39dcc,r***@yahoo.com,+91-XXXXX17,41-60
P1532,19,M,9016fabf65bd81d2,d***@yahoo.com,+91-XXXXX05,18-25
P1533,49,F,8c1ca37ec9b291ee,a***@outlook.com,+91-XXXXX04,41-60
P1534,12,F,65fd9c2b28634db5,a***@hotmail.com,+91-XXXXX01,<18
P1535,61,F,324d9ad8e8c22558,a***@gmail.com,+91-XXXXX63,60+
P1536,19,F,dc5495d299d656a0,r***@gmail.com,+91-XXXXX23,18-25
P1537,76,M,377f5e3f6147227e,r***@gmail.com,+91-XXXXX56,60+
P1538,9,F,d04c85ecc85998b7,a***@rediffmail.com,+91-XXXXX34,<18
P1539,71,M,0c40093ee1042c20,a***@rediffmail.com,+91-XXXXX68,60+
P1540,28,F,d85937511cbf1ecd,k***@hotmail.com,+91-XXXXX29,26-40
P1541,78,M,9d1e6f1ff9d934c1,s***@gmail.com,+91-XXXXX67,60+
P1542,52,M,d734a1f79375e294,s***@gmail.com,+91-XXXXX97,41-60
P1543,83,F,869bb9b207469607,s***@gmail.com,+91-XXXXX71,60+
P1544,16,M,edde6e2461faaa2b,v***@gmail.com,+91-XXXXX58,<18
P1545,69,M,31c12f0969b009eb,s***@yahoo.com,+91-XXXXX02,60+
P1546,12,F,40f4ef780f8dc09b,a***@yahoo.com,+91-XXXXX42,<18
P1547,25,M,42035713dc50096c,a***@gmail.com,+91-XXXXX19,18-25
P1548,52,F,ea177506eb169efb,s***@hotmail.com,+91-XXXXX39,41-60
P1549,85,F,9b8ad4918af95480,v***@gmail.com,+91-XXXXX14,60+
P1550,53,F,1ca9efbd84ad2cfb,i***@hotmail.com,+91-XXXXX66,41-60
P1551,23,M,3e34f634ae337d3e,a***@outlook.com,+91-XXXXX86,18-25
P1552,16,M,37442aa8ed60e9e2,a***@rediffmail.com,+91-XXXXX48,<18
P1553,57,M,d420370150921c5b,a***@outlook.com,+91-XXXXX01,41-60
P1554,39,F,eaafce32092360fb,d***@yahoo.com,+91-XXXXX47,26-40
P1555,53,M,73ffaa5fcdd78ca6,s***@hotmail.com,+91-XXXXX27,41-60
P1556,42,F,f474695517175fb3,m***@rediffmail.com,+91-XXXXX43,41-60
P1557,58,F,4914f2a589724e46,a***@yahoo.com,+91-XXXXX55,41-60
P1558,39,M,f2abd9c8c55a423d,d***@gmail.com,+91-XXXXX10,26-40
P1559,14,F,fee78c61f5885edd,a***@gmail.com,+91-XXXXX82,<18
P1560,5,M,561dc32601b7cfbc,m***@rediffmail.com,+91-XXXXX69,<18
P1561,35,M,5078f93a8971400e,a***@gmail.com,+91-XXXXX47,26-40
P1562,87,M,5cf56b60786284a2,d***@hotmail.com,+91-XXXXX40,60+
P1563,75,M,7393884c9150131f,a***@rediffmail.com,+91-XXXXX36,60+
P1564,18,M,b27775b6c3051bc2,s***@rediffmail.com,+91-XXXXX88,18-25
P1565,76,F,7be4c2e338d69249,v***@hotmail.com,+91-XXXXX44,60+
P1566,9,F,dbd5a89c519ea1d8,v***@rediffmail.com,+91-XXXXX57,<18
P1567,74,F,767a810faaf2920b,s***@hotmail.com,+91-XXXXX39,60+
P1568,58,M,35bb8f5695af7285,s***@rediffmail.com,+91-XXXXX81,41-60
P1569,17,M,b4f1fee3dfc8e8a5,m***@hotmail.com,+91-XXXXX99,<18
P1570,7,M,ba1823de1471e307,a***@rediffmail.com,+91-XXXXX40,<18
P1571,46,F,b7ace566d7929395,d***@yahoo.com,+91-XXXXX93,41-60
P1572,13,M,8fcf1155c812cac3,s***@yahoo.com,+91-XXXXX89,<18
P1573,40,F,2d2509cf33f1d698,i***@hotmail.com,+91-XXXXX77,26-40
P1574,42,F,a5dd688b7c2f2da8,s***@rediffmail.com,+91-XXXXX42,41-60
P1575,9,M,68688ff6b917377c,a***@gmail.com,+91-XXXXX80,<18
P1576,50,M,25fb61728c34ec17,i***@gmail.com,+91-XXXXX45,41-60
P1577,27,F,4046979dab70f858,s***@outlook.com,+91-XXXXX89,26-40
P1578,66,M,dd1159d5e1195c5e,s***@yahoo.com,+91-XXXXX67,60+
P1579,5,F,1c08ab5e10eaf305,k***@rediffmail.com,+91-XXXXX93,<18
P1580,29,M,3e4a8bea7c4881b0,k***@rediffmail.com,+91-XXXXX57,26-40
P1581,37,M,96b5701b2fd081e7,s***@outlook.com,+91-XXXXX85,26-40
P1582,38,F,db9ce2e54d031709,k***@outlook.com,+91-XXXXX96,26-40
P1583,83,M,b815e65e11eb2a24,s***@yahoo.com,+91-XXXXX36,60+
P1584,8,F,34b1de1c15d75545,a***@gmail.com,+91-XXXXX99,<18
P1585,65,M,6bd04ec176454b3a,s***@hotmail.com,+91-XXXXX07,60+
P1586,86,F,63256b5059397b7f,a***@gmail.com,+91-XXXXX41,60+
P1587,17,F,a6da2c023c00a74c,i***@rediffmail.com,+91-XXXXX83,<18
P1588,71,M,a0613cbe3ea50442,s***@yahoo.com,+91-XXXXX99,60+
P1589,89,F,7d1fab2043e6b419,s***@outlook.com,+91-XXXXX30,60+
P1590,45,M,d312d31f0f761511,v***@hotmail.com,+91-XXXXX85,41-60
P1591,4,M,359f5a0ffa5e063d,k***@rediffmail.com,+91-XXXXX35,<18
P1592,36,M,2111ca771173bfb2,a***@yahoo.com,+91-XXXXX43,26-40
P1593,70,F,a1301b2b4a51d092,m***@rediffmail.com,+91-XXXXX28,60+
P1594,31,F,78432ea471ee5b6d,d***@hotmail.com,+91-XXXXX86,26-40
P1595,19,M,85b4642337a8cbad,r***@gmail.com,+91-XXXXX39,18-25
P1596,61,M,c490ade1bb1003ab,v***@outlook.com,+91-XXXXX15,60+
P1597,54,F,4aacf9f2bbd29402,k***@gmail.com,+91-XXXXX26,41-60
P1598,39,M,b4cd11f07bd5453f,a***@yahoo.com,+91-XXXXX97,26-40
P1599,74,M,2f66763957fa3e7b,i***@outlook.com,+91-XXXXX35,60+
P1600,19,F,6e13a043bd053863,s***@rediffmail.com,+91-XXXXX11,18-25
P1601,39,M,68e24fe125aa6bf0,k***@yahoo.com,+91-XXXXX23,26-40
P1602,67,F,7c460cc052768a2d,k***@hotmail.com,+91-XXXXX93,60+
P1603,45,M,f16675124e60b69f,a***@yahoo.com,+91-XXXXX55,41-60
P1604,13,F,b94db5f5994749e8,r***@gmail.com,+91-XXXXX29,<18
P1605,58,M,4633e6e643ffa963,a***@rediffmail.com,+91-XXXXX00,41-60
P1606,20,M,a584cb960ab3faf7,s***@hotmail.com,+91-XXXXX69,18-25
P1607,72,F,058854e0c3edbb80,i***@hotmail.com,+91-XXXXX27,60+
P1608,61,M,a40a5bc8ff515bbb,k***@yahoo.com,+91-XXXXX05,60+
P1609,39,F,ab6fdec2d8423f2d,v***@gmail.com,+91-XXXXX90,26-40
P1610,1,M,b1a10c680413cc4f,d***@outlook.com,+91-XXXXX68,<18
P1611,3,F,1610ace9ea2586ee,s***@yahoo.com,+91-XXXXX89,<18
P1612,77,F,a40dbdcafa79537d,a***@rediffmail.com,+91-XXXXX85,60+
P1613,62,F,ef7cba460770c4c2,a***@gmail.com,+91-XXXXX01,60+
P1614,63,F,c709747b86b267f0,a***@yahoo.com,+91-XXXXX79,60+
P1615,25,M,5acb449ff34cb51f,k***@hotmail.com,+91-XXXXX68,18-25
P1616,56,M,c4453852ffe90c30,a***@rediffmail.com,+91-XXXXX15,41-60
P1617,33,F,bbd519a9e50ca076,r***@gmail.com,+91-XXXXX04,26-40
P1618,38,F,ad96f5585cfc8eff,i***@rediffmail.com,+91-XXXXX75,26-40
P1619,6,F,ab91ae2d81f66256,a***@gmail.com,+91-XXXXX16,<18
P1620,58,M,bd6393f2a2f9030c,s***@gmail.com,+91-XXXXX34,41-60
P1621,44,M,476508fb2f63d93c,a***@hotmail.com,+91-XXXXX46,41-60
P1622,45,M,358acb220ebd48b5,r***@yahoo.com,+91-XXXXX89,41-60
P1623,32,M,81ebb523504bbfe2,d***@outlook.com,+91-XXXXX62,26-40
P1624,45,F,29e96412db61d179,r***@rediffmail.com,+91-XXXXX15,41-60
P1625,61,F,a933980c34a0bf18,r***@outlook.com,+91-XXXXX58,60+
P1626,47,F,1c53beec2645dea0,a***@outlook.com,+91-XXXXX12,41-60
P1627,21,M,a7decbac586e3356,a***@hotmail.com,+91-XXXXX95,18-25
P1628,80,M,4d7c6eb1bcdd3bd6,s***@yahoo.com,+91-XXXXX07,60+
P1629,85,M,1c3f8f249f6a47e0,k***@rediffmail.com,+91-XXXXX55,60+
P1630,75,F,6c3cd522fcb5d7ed,a***@yahoo.com,+91-XXXXX98,60+
P1631,36,F,8c99cd34483b6377,m***@outlook.com,+91-XXXXX40,26-40
P1632,19,M,80ae837fa96ce0e7,a***@rediffmail.com,+91-XXXXX57,18-25
P1633,20,F,42f405f379cf1d68,s***@outlook.com,+91-XXXXX19,18-25
P1634,57,M,655d967d96b2102b,r***@outlook.com,+91-XXXXX35,41-60
P1635,18,M,94c3b2ffceaf1426,a***@hotmail.com,+91-XXXXX97,18-25
P1636,47,F,d874a60aa8a3f8ad,r***@yahoo.com,+91-XXXXX98,41-60
P1637,49,M,b0a2daa146daa8be,a***@gmail.com,+91-XXXXX42,41-60
P1638,14,F,f72a2d7efa69a0d2,k***@outlook.com,+91-XXXXX39,<18
P1639,15,M,b9875184d4bb817c,d***@hotmail.com,+91-XXXXX20,<18
P1640,31,F,cf8f83f8db8eb7f5,k***@gmail.com,+91-XXXXX80,26-40
P1641,1,F,d5727a5d44ef491e,m***@hotmail.com,+91-XXXXX94,<18
P1642,54,F,68a0926d0c866766,s***@gmail.com,+91-XXXXX59,41-60
P1643,3,M,5719cfc68cedf0b1,m***@outlook.com,+91-XXXXX11,<18
P1644,16,M,bdb66ff259c28f90,d***@hotmail.com,+91-XXXXX13,<18
P1645,87,F,33f54be023e9cdc6,a***@yahoo.com,+91-XXXXX76,60+
P1646,57,F,bf902275d142fd47,a***@gmail.com,+91-XXXXX29,41-60
P1647,75,M,358f4138d8fea86d,a***@outlook.com,+91-XXXXX05,60+
P1648,12,M,1a4838d7eb4cda9b,a***@rediffmail.com,+91-XXXXX53,<18
P1649,74,M,dad9049964e0947f,a***@rediffmail.com,+91-XXXXX65,60+
P1650,16,F,8f7c163ea7cf280b,a***@rediffmail.com,+91-XXXXX01,<18
P1651,72,M,588792dad79cb295,k***@yahoo.com,+91-XXXXX71,60+
P1652,76,M,8ee2de46378758ff,a***@outlook.com,+91-XXXXX12,60+
P1653,24,F,ba7735d96c21fed2,s***@hotmail.com,+91-XXXXX42,18-25
P1654,28,M,b2a437a0d413a913,i***@gmail.com,+91-XXXXX45,26-40
P1655,8,M,a7c3913c64bc20f0,a***@gmail.com,+91-XXXXX15,<18
P1656,36,M,a3e967a09e23cf94,a***@rediffmail.com,+91-XXXXX15,26-40
P1657,8,F,31bb48a0b210b1fc,s***@yahoo.com,+91-XXXXX21,<18
P1658,58,F,1c61a763870d71c5,s***@hotmail.com,+91-XXXXX85,41-60
P1659,60,F,8957dca9d179f856,r***@yahoo.com,+91-XXXXX97,41-60
P1660,50,F,96297508a5aefb00,a***@rediffmail.com,+91-XXXXX16,41-60
P1661,28,F,90a2c533dde218ca,k***@outlook.com,+91-XXXXX26,26-40
P1662,41,F,44bf6a06fa36ce40,i***@gmail.com,+91-XXXXX29,41-60
P1663,64,F,8fd25b60775415f7,s***@rediffmail.com,+91-XXXXX77,60+
P1664,27,M,21fbd48e3bed8a83,m***@rediffmail.com,+91-XXXXX04,26-40
P1665,63,M,fefc2b60890cc2d5,v***@hotmail.com,+91-XXXXX33,60+
P1666,17,F,873acd2c02ce1413,d***@hotmail.com,+91-XXXXX92,<18
P1667,73,M,afaaa78a4855a000,s***@rediffmail.com,+91-XXXXX47,60+
P1668,33,M,63bd10fad9fe1490,i***@outlook.com,+91-XXXXX29,26-40
P1669,84,F,58bd91672455c909,m***@outlook.com,+91-XXXXX16,60+
P1670,77,M,5214693077e884c1,a***@rediffmail.com,+91-XXXXX82,60+
P1671,29,M,a6c0368b51e05bc1,a***@outlook.com,+91-XXXXX80,26-40
P1672,13,M,65428f8137a6b686,d***@gmail.com,+91-XXXXX10,<18
P1673,46,M,ded5dcb27f82837b,m***@outlook.com,+91-XXXXX00,41-60
P1674,35,M,e8acc8d1f027094f,m***@yahoo.com,+91-XXXXX07,26-40
P1675,6,F,610c282687e61661,m***@gmail.com,+91-XXXXX95,<18
P1676,82,F,84c0a60ba271a59b,r***@rediffmail.com,+91-XXXXX01,60+
P1677,69,F,bb0f917d5a93953a,d***@yahoo.com,+91-XXXXX24,60+
P1678,47,M,897717f157008d67,a***@outlook.com,+91-XXXXX47,41-60
P1679,25,F,0072a4d279a96f03,s***@yahoo.com,+91-XXXXX59,18-25
P1680,66,M,6e3946043264d9a1,i***@yahoo.com,+91-XXXXX73,60+
P1681,10,M,86fed14a763dddcf,a***@yahoo.com,+91-XXXXX22,<18
P1682,56,M,0c35010bc8a37920,k***@gmail.com,+91-XXXXX15,41-60
P1683,30,M,34fe42bd940ad4e5,a***@gmail.com,+91-XXXXX66,26-40
P1684,5,F,d487195127e3ea56,k***@yahoo.com,+91-XXXXX05,<18
P1685,33,F,cadaf7f95e80db90,m***@hotmail.com,+91-XXXXX15,26-40
P1686,65,M,72a5af23920e01b8,i***@rediffmail.com,+91-XXXXX65,60+
P1687,18,F,5f3b411c5f2827c4,a***@outlook.com,+91-XXXXX35,18-25
P1688,49,M,d8edf4b5a90a80ee,s***@hotmail.com,+91-XXXXX96,41-60
P1689,11,F,022718ebc86a5bd2,i***@hotmail.com,+91-XXXXX29,<18
P1690,85,F,ee2f13ff819c6e40,k***@outlook.com,+91-XXXXX56,60+
P1691,26,M,c4e24ab8205a6734,v***@hotmail.com,+91-XXXXX13,26-40
P1692,63,F,3a37587f7c5a6628,s***@gmail.com,+91-XXXXX48,60+
P1693,89,M,a4c9ccd776ee88cd,i***@hotmail.com,+91-XXXXX51,60+
P1694,86,F,f1ac09aa5350b4a1,s***@outlook.com,+91-XXXXX06,60+
P1695,59,M,1a242f3405d22e11,k***@gmail.com,+91-XXXXX40,41-60
P1696,27,M,cc4c4b6972bc8ddc,r***@gmail.com,+91-XXXXX49,26-40
P1697,49,F,c6a85b1521d2401f,a***@rediffmail.com,+91-XXXXX26,41-60
P1698,77,F,1652899d3296b2e2,i***@yahoo.com,+91-XXXXX72,60+
P1699,33,M,e49a8599f67ccc76,v***@hotmail.com,+91-XXXXX08,26-40
P1700,1,F,4f3200861e75e0fb,k***@outlook.com,+91-XXXXX46,<18
P1701,21,F,d5e1d807b6125803,a***@gmail.com,+91-XXXXX15,18-25
P1702,55,M,97900313749126fc,a***@rediffmail.com,+91-XXXXX01,41-60
P1703,6,M,e113b432aa9331bd,a***@yahoo.com,+91-XXXXX83,<18
P1704,81,F,1769da5eab32e8f9,s***@rediffmail.com,+91-XXXXX14,60+
P1705,69,M,ad7c0423008ec172,s***@hotmail.com,+91-XXXXX50,60+
P1706,5,M,031865a744171d8e,a***@gmail.com,+91-XXXXX55,<18
P1707,3,M,5ca24cd52caea170,s***@gmail.com,+91-XXXXX35,<18
P1708,53,F,835300485d2277de,a***@rediffmail.com,+91-XXXXX93,41-60
P1709,23,F,059d448787c50c05,s***@yahoo.com,+91-XXXXX75,18-25
P1710,53,M,607821904416c88d,v***@hotmail.com,+91-XXXXX58,41-60
P1711,37,F,65c5ed7bcd083210,i***@yahoo.com,+91-XXXXX51,26-40
P1712,74,M,926188d2475f65a9,k***@rediffmail.com,+91-XXXXX98,60+
P1713,74,F,9cddfc9675ce1396,k***@rediffmail.com,+91-XXXXX00,60+
P1714,83,M,2c92bfcbaf15ed5e,i***@hotmail.com,+91-XXXXX47,60+
P1715,17,M,b6e099b77ac27c9a,v***@rediffmail.com,+91-XXXXX59,<18
P1716,85,F,c33e8be175e04b9b,s***@rediffmail.com,+91-XXXXX81,60+
P1717,78,M,56f6d87a4124b99b,a***@outlook.com,+91-XXXXX61,60+
P1718,73,F,fa73a5de5778e45f,a***@gmail.com,+91-XXXXX25,60+
P1719,1,F,2295be163cc257df,s***@yahoo.com,+91-XXXXX85,<18
P1720,51,M,d98f0eb661e1babc,a***@yahoo.com,+91-XXXXX33,41-60
P1721,45,M,fa0aeb2d7e55141d,k***@hotmail.com,+91-XXXXX85,41-60
P1722,77,F,6b7361ed677792f6,s***@outlook.com,+91-XXXXX16,60+
P1723,4,M,dc66902cc5492a6f,k***@rediffmail.com,+91-XXXXX93,<18
P1724,62,M,f9032dd5270c6e88,m***@yahoo.com,+91-XXXXX64,60+
P1725,65,M,33a09732ed4be7f7,a***@yahoo.com,+91-XXXXX86,60+
P1726,32,M,1bdb3117358aa0e7,m***@outlook.com,+91-XXXXX17,26-40
P1727,34,M,b32c6c78d34aef2e,a***@gmail.com,+91-XXXXX82,26-40
P1728,72,F,1a02797b722bddea,i***@gmail.com,+91-XXXXX36,60+
P1729,39,F,6710f88a4126c34d,a***@rediffmail.com,+91-XXXXX27,26-40
P1730,26,M,a8e8a97dc92e32fa,m***@yahoo.com,+91-XXXXX81,26-40
P1731,34,M,bca4cdde6ca51192,k***@rediffmail.com,+91-XXXXX47,26-40
P1732,54,M,02e62ab148a8e430,i***@hotmail.com,+91-XXXXX46,41-60
P1733,3,F,8506df768bc2adc8,a***@rediffmail.com,+91-XXXXX88,<18
P1734,50,M,fc0e24ff96de2c3c,a***@yahoo.com,+91-XXXXX06,41-60
P1735,12,F,c041e83c4c263b53,a***@hotmail.com,+91-XXXXX69,<18
P1736,65,F,8b4062c7ce8bdc79,a***@gmail.com,+91-XXXXX13,60+
P1737,54,F,bb823b8eab5b3399,i***@hotmail.com,+91-XXXXX77,41-60
P1738,5,M,a2acb641d11efe78,a***@yahoo.com,+91-XXXXX91,<18
P1739,57,F,380d21f2aea07be4,s***@outlook.com,+91-XXXXX13,41-60
P1740,17,M,43c56440f98a0f14,s***@outlook.com,+91-XXXXX10,<18
P1741,47,F,0e1e9ed22ac4b0bd,a***@rediffmail.com,+91-XXXXX42,41-60
P1742,23,M,fc09d619ee1270e2,a***@hotmail.com,+91-XXXXX47,18-25
P1743,79,F,a80b313dcfe3d278,s***@rediffmail.com,+91-XXXXX44,60+
P1744,85,M,10a08e4e41719b31,s***@outlook.com,+91-XXXXX24,60+
P1745,14,F,ac3b653c1f928ae6,m***@gmail.com,+91-XXXXX19,<18
P1746,66,M,91923b5861a22f0b,a***@outlook.com,+91-XXXXX91,60+
P1747,75,M,85e96aefff67d63f,k***@gmail.com,+91-XXXXX17,60+
P1748,51,M,5195bcefc7527786,s***@hotmail.com,+91-XXXXX59,41-60
P1749,38,M,3ba21fac3db9fa9e,s***@rediffmail.com,+91-XXXXX02,26-40
P1750,64,F,6e191e7fdcdcd814,a***@outlook.com,+91-XXXXX35,60+
P1751,38,F,a696a91c41abf516,s***@hotmail.com,+91-XXXXX19,26-40
P1752,50,M,4c14022eb20e6016,i***@outlook.com,+91-XXXXX56,41-60
P1753,82,F,28ba199c3ecf12a5,d***@hotmail.com,+91-XXXXX43,60+
P1754,30,M,b72d070eb7ca8635,a***@gmail.com,+91-XXXXX30,26-40
P1755,79,M,c6bb7b9d7f3dbe96,r***@hotmail.com,+91-XXXXX03,60+
P1756,51,F,f587e8884e6234b7,i***@rediffmail.com,+91-XXXXX73,41-60
P1757,63,M,61a46d61ec1880ec,a***@rediffmail.com,+91-XXXXX93,60+
P1758,52,M,1b0a154c504203aa,s***@rediffmail.com,+91-XXXXX38,41-60
P1759,38,F,ede0cec8fad69c55,v***@rediffmail.com,+91-XXXXX43,26-40
P1760,88,M,14390349b454f70f,s***@outlook.com,+91-XXXXX55,60+
P1761,79,M,96522c2367a0ad04,m***@yahoo.com,+91-XXXXX72,60+
P1762,30,M,7d98fb9d7df4ac9f,s***@rediffmail.com,+91-XXXXX57,26-40
P1763,51,M,152d4bc21156af44,s***@gmail.com,+91-XXXXX60,41-60
P1764,81,F,51e7c43ede1ebfd6,m***@hotmail.com,+91-XXXXX23,60+
P1765,5,F,4b390ad55cfe1c47,s***@yahoo.com,+91-XXXXX88,<18
P1766,29,F,2df7eb7480b82fef,i***@gmail.com,+91-XXXXX81,26-40
P1767,4,M,828db41adb214962,s***@rediffmail.com,+91-XXXXX74,<18
P1768,10,M,1164db38b71903fd,k***@gmail.com,+91-XXXXX05,<18
P1769,56,F,b05567f5202fefb1,a***@yahoo.com,+91-XXXXX00,41-60
P1770,17,M,dcbb8e6a219cf458,m***@yahoo.com,+91-XXXXX20,<18
P1771,74,M,3e5925510fb5e9ad,k***@hotmail.com,+91-XXXXX84,60+
P1772,17,M,1ca1a96a9eb73586,s***@hotmail.com,+91-XXXXX96,<18
P1773,84,M,75286c03e250000f,s***@hotmail.com,+91-XXXXX71,60+
P1774,88,F,d1c2f619d441cb01,a***@yahoo.com,+91-XXXXX42,60+
P1775,69,F,f1ab53ec9abacf75,k***@hotmail.com,+91-XXXXX58,60+
P1776,34,F,071be1fc8b8ebc87,a***@rediffmail.com,+91-XXXXX89,26-40
P1777,6,M,72ab83b3e0db1815,a***@hotmail.com,+91-XXXXX97,<18
P1778,53,F,157578b953251230,k***@gmail.com,+91-XXXXX40,41-60
P1779,66,F,8938d0531351cda4,m***@rediffmail.com,+91-XXXXX89,60+
P1780,77,M,849b35123842ecd5,r***@rediffmail.com,+91-XXXXX33,60+
P1781,43,M,09867ab9f03fbc7e,a***@hotmail.com,+91-XXXXX42,41-60
P1782,75,F,070c6bae7d39abb4,s***@outlook.com,+91-XXXXX90,60+
P1783,23,F,c32f07ffa1c7f18a,a***@gmail.com,+91-XXXXX18,18-25
P1784,55,F,fe30d2f29ad3a499,i***@hotmail.com,+91-XXXXX34,41-60
P1785,80,F,591e146f093e4f0e,a***@yahoo.com,+91-XXXXX20,60+
P1786,75,M,12684e7945bd5ac1,k***@hotmail.com,+91-XXXXX25,60+
P1787,16,F,9fe3dbfe31d5d989,r***@gmail.com,+91-XXXXX12,<18
P1788,8,F,6a8cb2aec7a41cc5,r***@rediffmail.com,+91-XXXXX66,<18
P1789,4,M,3452abf36be6e7cf,a***@outlook.com,+91-XXXXX21,<18
P1790,4,F,6df256bb32e4b7ed,s***@yahoo.com,+91-XXXXX95,<18
P1791,56,M,ae61b2827ae149d2,a***@outlook.com,+91-XXXXX66,41-60
P1792,25,M,cc2b8be14db2b245,i***@rediffmail.com,+91-XXXXX63,18-25
P1793,67,M,ea34cff6a2e2e760,a***@hotmail.com,+91-XXXXX40,60+
P1794,67,F,255745e6adda7e79,k***@hotmail.com,+91-XXXXX95,60+
P1795,27,F,d3580f9b4244ac02,s***@hotmail.com,+91-XXXXX63,26-40
P1796,32,M,b8c3ec259269b102,d***@gmail.com,+91-XXXXX66,26-40
P1797,50,F,d96044a86439f7e0,a***@yahoo.com,+91-XXXXX47,41-60
P1798,61,F,f5d46ade2cc61381,a***@outlook.com,+91-XXXXX10,60+
P1799,51,M,87b5fa28ddbf3328,m***@outlook.com,+91-XXXXX24,41-60
P1800,19,M,b02314277b169a4a,r***@yahoo.com,+91-XXXXX15,18-25
P1801,21,F,e30ac36758877379,a***@rediffmail.com,+91-XXXXX32,18-25
P1802,5,M,6269b0b300e26542,m***@rediffmail.com,+91-XXXXX41,<18
P1803,82,F,7719f33a453efff8,k***@outlook.com,+91-XXXXX63,60+
P1804,42,F,8a72516c823151ee,m***@outlook.com,+91-XXXXX30,41-60
P1805,61,F,a274b70503e5e083,k***@yahoo.com,+91-XXXXX65,60+
P1806,22,F,ce9bd37c8504d687,s***@rediffmail.com,+91-XXXXX34,18-25
P1807,21,M,bc652164541f265d,a***@rediffmail.com,+91-XXXXX17,18-25
P1808,70,M,9d5267da05f4cb06,a***@outlook.com,+91-XXXXX93,60+
P1809,1,M,37a07bc75ae8aa58,d***@gmail.com,+91-XXXXX14,<18
P1810,5,M,ba9e70497431177b,i***@rediffmail.com,+91-XXXXX36,<18
P1811,12,F,2c8695cd28d17d2c,m***@gmail.com,+91-XXXXX49,<18
P1812,46,F,27234df4b3cb4c3c,m***@yahoo.com,+91-XXXXX81,41-60
P1813,34,M,c93556b49c8a9528,k***@hotmail.com,+91-XXXXX54,26-40
P1814,49,F,8d39fccec2cc9953,r***@outlook.com,+91-XXXXX75,41-60
P1815,78,F,33fbfaa8cdfec66b,m***@gmail.com,+91-XXXXX85,60+
P1816,45,F,ad1b4e77cab6a053,s***@gmail.com,+91-XXXXX60,41-60
P1817,27,M,69baf81b677dd3dc,r***@rediffmail.com,+91-XXXXX34,26-40
P1818,73,M,fbc9637b0a0754ac,a***@hotmail.com,+91-XXXXX76,60+
P1819,26,M,c62cd413f7a96a9e,v***@hotmail.com,+91-XXXXX88,26-40
P1820,47,F,861611b4cfd9b259,m***@gmail.com,+91-XXXXX04,41-60
P1821,86,M,4cad5b0cbf31c843,a***@outlook.com,+91-XXXXX27,60+
P1822,56,M,53cc9a3c9ac01350,i***@yahoo.com,+91-XXXXX31,41-60
P1823,63,M,0a848084b344aa25,r***@hotmail.com,+91-XXXXX94,60+
P1824,48,M,ae05b7028f9b7158,i***@rediffmail.com,+91-XXXXX12,41-60
P1825,61,M,0eda3d133575a9c0,i***@outlook.com,+91-XXXXX43,60+
P1826,81,M,04ba955dbc869a53,a***@gmail.com,+91-XXXXX92,60+
P1827,26,F,46f834fbb23d2807,a***@gmail.com,+91-XXXXX71,26-40
P1828,36,F,5bc5d97064b207d2,r***@outlook.com,+91-XXXXX88,26-40
P1829,1,M,f569d6bea61a20ae,a***@rediffmail.com,+91-XXXXX09,<18
P1830,8,M,c5ec58dfa5e4bfe5,m***@outlook.com,+91-XXXXX65,<18
P1831,52,F,8312d6d9bff93133,d***@yahoo.com,+91-XXXXX49,41-60
P1832,79,F,cdfa3e00a2095155,k***@hotmail.com,+91-XXXXX89,60+
P1833,47,M,ca7fdfad9c9096df,a***@yahoo.com,+91-XXXXX54,41-60
P1834,56,M,0e4b3c59e38117c9,r***@rediffmail.com,+91-XXXXX03,41-60
P1835,86,M,9f1f3440e4d369d8,i***@hotmail.com,+91-XXXXX26,60+
P1836,14,M,e58a01cf699c66e0,s***@outlook.com,+91-XXXXX89,<18
P1837,28,F,c471eed6934b5b66,a***@hotmail.com,+91-XXXXX35,26-40
P1838,87,M,affc0de1f1a7942b,i***@outlook.com,+91-XXXXX67,60+
P1839,78,M,558b14aac1c0476c,i***@yahoo.com,+91-XXXXX90,60+
P1840,88,M,828c594f8776d73c,a***@gmail.com,+91-XXXXX12,60+
P1841,2,M,1cbdff136cd49f7d,d***@hotmail.com,+91-XXXXX84,<18
P1842,26,F,8118ec49d058e7cb,i***@yahoo.com,+91-XXXXX42,26-40
P1843,14,F,41006958266db17e,v***@rediffmail.com,+91-XXXXX49,<18
P1844,59,F,7057ec6f2e9c0d30,v***@rediffmail.com,+91-XXXXX41,41-60
P1845,56,M,cc03f48025a28c3a,a***@hotmail.com,+91-XXXXX50,41-60
P1846,7,M,f5c91e9f83c9d628,v***@rediffmail.com,+91-XXXXX38,<18
P1847,3,F,04b00337c2209a85,a***@rediffmail.com,+91-XXXXX62,<18
P1848,23,M,ad65b733244a3844,k***@hotmail.com,+91-XXXXX23,18-25
P1849,18,M,7481322a8d706453,a***@outlook.com,+91-XXXXX11,18-25
P1850,38,F,ae6f3106010d2a18,a***@outlook.com,+91-XXXXX23,26-40
P1851,15,F,3fa46ee9431b713c,r***@gmail.com,+91-XXXXX32,<18
P1852,64,F,4404bef7221d7400,s***@gmail.com,+91-XXXXX52,60+
P1853,89,F,6a0ad454d0bf4add,d***@yahoo.com,+91-XXXXX41,60+
P1854,28,M,fa3ba925a81b1530,k***@yahoo.com,+91-XXXXX65,26-40
P1855,74,M,6fcf3f5166069231,m***@yahoo.com,+91-XXXXX81,60+
P1856,39,F,7cd1800e44f14597,d***@yahoo.com,+91-XXXXX40,26-40
P1857,57,M,9871289bfbcff2d8,i***@gmail.com,+91-XXXXX90,41-60
P1858,17,F,44ea3c4b58f8540c,m***@gmail.com,+91-XXXXX16,<18
P1859,86,F,21d5430700e982df,s***@rediffmail.com,+91-XXXXX93,60+
P1860,44,M,09f297678a86368a,s***@yahoo.com,+91-XXXXX07,41-60
P1861,25,F,d6605ef03df30806,a***@rediffmail.com,+91-XXXXX48,18-25
P1862,17,M,8aa40ca61df7609b,d***@rediffmail.com,+91-XXXXX44,<18
P1863,13,M,f0d275e5751740e7,d***@hotmail.com,+91-XXXXX59,<18
P1864,84,M,b806dcb939111aa4,a***@rediffmail.com,+91-XXXXX48,60+
P1865,25,M,0981ef7aa477d9d8,i***@yahoo.com,+91-XXXXX49,18-25
P1866,68,F,f8efa8d908288e23,i***@outlook.com,+91-XXXXX53,60+
P1867,10,M,47b0b4b248bab71d,k***@outlook.com,+91-XXXXX59,<18
P1868,67,F,e51be1496b31e586,m***@gmail.com,+91-XXXXX81,60+
P1869,18,F,3f121925de54925a,i***@hotmail.com,+91-XXXXX53,18-25
P1870,86,F,f690d709fa7778b6,r***@hotmail.com,+91-XXXXX67,60+
P1871,34,F,7eae12e15e710ee8,a***@yahoo.com,+91-XXXXX54,26-40
P1872,8,M,8aa3e8a045751392,k***@hotmail.com,+91-XXXXX55,<18
P1873,40,M,2cdc8b3aa1c4cf78,s***@rediffmail.com,+91-XXXXX51,26-40
P1874,83,F,754740f7723a99e1,m***@outlook.com,+91-XXXXX00,60+
P1875,42,F,adf205d815bbf3d8,i***@gmail.com,+91-XXXXX69,41-60
P1876,41,M,4a859b579311b5a9,a***@outlook.com,+91-XXXXX90,41-60
P1877,6,F,8a915178551fa687,a***@gmail.com,+91-XXXXX40,<18
P1878,52,M,01d4d83c507baa94,k***@yahoo.com,+91-XXXXX19,41-60
P1879,26,F,fe33756f151f6893,a***@yahoo.com,+91-XXXXX73,26-40
P1880,64,M,54e271e31d9ba22c,r***@gmail.com,+91-XXXXX12,60+
P1881,59,F,96275ddf56af2794,s***@hotmail.com,+91-XXXXX50,41-60
P1882,56,F,090f78025fe65002,k***@rediffmail.com,+91-XXXXX26,41-60
P1883,59,M,d5d5066f6edae90e,r***@rediffmail.com,+91-XXXXX86,41-60
P1884,70,F,5a34b9449a873c91,a***@outlook.com,+91-XXXXX73,60+
P1885,33,F,4e73fd8565b86ba9,i***@yahoo.com,+91-XXXXX07,26-40
P1886,53,M,82bdf7cd6483cd72,d***@hotmail.com,+91-XXXXX42,41-60
P1887,22,F,b9797191c0f80077,i***@yahoo.com,+91-XXXXX06,18-25
P1888,21,M,85d2e468e5588d92,m***@hotmail.com,+91-XXXXX07,18-25
P1889,70,M,affa57fa3e9c7bb8,a***@hotmail.com,+91-XXXXX86,60+
P1890,70,F,702175952bbf58e5,r***@gmail.com,+91-XXXXX75,60+
P1891,4,F,5c655e8042682f58,s***@yahoo.com,+91-XXXXX69,<18
P1892,75,F,8a05e4876307303f,a***@gmail.com,+91-XXXXX77,60+
P1893,62,F,29823cf86d4f2da3,a***@gmail.com,+91-XXXXX51,60+
P1894,62,F,94a23081242a8c87,k***@gmail.com,+91-XXXXX18,60+
P1895,24,F,5b50ce55b83b1d7f,r***@rediffmail.com,+91-XXXXX74,18-25
P1896,55,F,0e38f7a306390298,s***@yahoo.com,+91-XXXXX45,41-60
P1897,9,M,ee94869854474d76,k***@outlook.com,+91-XXXXX28,<18
P1898,3,F,de4ef90dd4c62242,s***@hotmail.com,+91-XXXXX86,<18
P1899,31,M,8932a5634db2ed33,s***@gmail.com,+91-XXXXX37,26-40
P1900,40,F,debaf16eb5f43a52,r***@hotmail.com,+91-XXXXX59,26-40
P1901,36,F,61d814689048baac,a***@hotmail.com,+91-XXXXX15,26-40
P1902,24,M,2488867f20e45b82,v***@hotmail.com,+91-XXXXX11,18-25
P1903,6,F,38791e1cea15932c,a***@yahoo.com,+91-XXXXX42,<18
P1904,66,F,ff4e371b0ed942dd,s***@rediffmail.com,+91-XXXXX83,60+
P1905,84,M,44a31f3faa1a196c,v***@rediffmail.com,+91-XXXXX23,60+
P1906,75,F,54606b36d43036fa,s***@hotmail.com,+91-XXXXX84,60+
P1907,4,F,4b9412de19dc091c,s***@outlook.com,+91-XXXXX98,<18
P1908,79,F,4aebefdca40675e4,a***@rediffmail.com,+91-XXXXX16,60+
P1909,6,M,fc04364f79364813,a***@rediffmail.com,+91-XXXXX03,<18
P1910,51,F,f823bca3d35e0b3f,k***@hotmail.com,+91-XXXXX44,41-60
P1911,62,F,b96fa6ccccd81717,s***@rediffmail.com,+91-XXXXX62,60+
P1912,57,F,231e6ced6d070cdc,d***@rediffmail.com,+91-XXXXX52,41-60
P1913,66,F,0a617c3f01b72bdd,a***@hotmail.com,+91-XXXXX18,60+
P1914,79,M,73a9f6d14872b2de,d***@gmail.com,+91-XXXXX48,60+
P1915,75,M,40feeb55b7353b2c,s***@outlook.com,+91-XXXXX09,60+
P1916,8,F,ee3d7aadb314cb69,m***@gmail.com,+91-XXXXX95,<18
P1917,26,F,60718880f47c0c81,k***@gmail.com,+91-XXXXX20,26-40
P1918,51,M,067d800d86b91c6b,a***@gmail.com,+91-XXXXX08,41-60
P1919,45,M,fb0d2406aeefe13d,a***@rediffmail.com,+91-XXXXX62,41-60
P1920,44,F,b2ba997d4cffc054,r***@outlook.com,+91-XXXXX40,41-60
P1921,5,M,5b81c209f73b3cd8,i***@hotmail.com,+91-XXXXX61,<18
P1922,70,F,5b5dc2a18d287dce,a***@outlook.com,+91-XXXXX72,60+
P1923,26,M,26416708c0a32595,s***@rediffmail.com,+91-XXXXX45,26-40
P1924,68,M,b94b2d66586f5886,a***@outlook.com,+91-XXXXX70,60+
P1925,19,M,cff8efc4fdecab9d,d***@outlook.com,+91-XXXXX16,18-25
P1926,84,M,7b17545e22254128,k***@outlook.com,+91-XXXXX58,60+
P1927,20,F,45a8c667a6465736,s***@gmail.com,+91-XXXXX99,18-25
P1928,12,M,58006b54b80dbe8e,s***@gmail.com,+91-XXXXX73,<18
P1929,47,M,5569ab706c00157f,a***@hotmail.com,+91-XXXXX49,41-60
P1930,1,F,fafba0bbc7c335c1,v***@gmail.com,+91-XXXXX34,<18
P1931,14,M,c5993fc399ec57a9,a***@gmail.com,+91-XXXXX08,<18
P1932,64,M,12aa012666d4f03a,i***@outlook.com,+91-XXXXX08,60+
P1933,38,F,32ec88032058e18d,i***@yahoo.com,+91-XXXXX56,26-40
P1934,37,M,47eb06733119486c,s***@rediffmail.com,+91-XXXXX16,26-40
P1935,11,F,acfc2e78ac28d141,m***@yahoo.com,+91-XXXXX47,<18
P1936,77,F,2246c63239bcf8af,r***@outlook.com,+91-XXXXX23,60+
P1937,3,F,5e53cf4956878ed0,a***@outlook.com,+91-XXXXX36,<18
P1938,33,F,61d14c34cf776b48,r***@outlook.com,+91-XXXXX71,26-40
P1939,6,M,6870d6dcadf4fb4a,r***@outlook.com,+91-XXXXX39,<18
P1940,50,F,72f5230f68ce8b33,r***@outlook.com,+91-XXXXX62,41-60
P1941,10,M,0f484169165dae4e,r***@gmail.com,+91-XXXXX02,<18
P1942,5,M,5577ee6397fda7f3,r***@hotmail.com,+91-XXXXX10,<18
P1943,23,M,b7846508ad151bd1,s***@gmail.com,+91-XXXXX50,18-25
P1944,10,M,622d7351362c7c48,r***@gmail.com,+91-XXXXX55,<18
P1945,44,M,a3bf015a279cef39,r***@rediffmail.com,+91-XXXXX27,41-60
P1946,2,M,51e6cc8f488f606f,a***@yahoo.com,+91-XXXXX06,<18
P1947,13,M,12db09a00d5d8f63,m***@gmail.com,+91-XXXXX80,<18
P1948,40,M,5690157741c76d57,i***@hotmail.com,+91-XXXXX78,26-40
P1949,2,M,69c4b43ebe41722f,s***@hotmail.com,+91-XXXXX33,<18
P1950,84,M,5966ada4068ad502,a***@gmail.com,+91-XXXXX80,60+
P1951,65,F,7f10ea5ebfd8b45e,v***@outlook.com,+91-XXXXX85,60+
P1952,63,F,29627917705ed63c,m***@yahoo.com,+91-XXXXX96,60+
P1953,73,F,e5ee87a69485c090,k***@outlook.com,+91-XXXXX90,60+
P1954,17,M,b0250b2e8b7fd04f,a***@outlook.com,+91-XXXXX81,<18
P1955,9,F,b18fff1928f196e1,a***@rediffmail.com,+91-XXXXX59,<18
P1956,75,F,dd52dab53704ee2f,a***@rediffmail.com,+91-XXXXX95,60+
P1957,15,F,ae39b5f8a3367d78,i***@rediffmail.com,+91-XXXXX45,<18
P1958,24,M,ab3275ecee2648ce,a***@rediffmail.com,+91-XXXXX87,18-25
P1959,38,M,533e49ecf4820605,s***@outlook.com,+91-XXXXX01,26-40
P1960,35,M,67a7c75011e74449,k***@hotmail.com,+91-XXXXX16,26-40
P1961,49,M,c3f080a679095e99,m***@hotmail.com,+91-XXXXX00,41-60
P1962,69,F,f445b6095fd1e35d,k***@hotmail.com,+91-XXXXX49,60+
P1963,62,F,bbca113fe86e1909,s***@outlook.com,+91-XXXXX85,60+
P1964,60,F,3c17df85411b1394,s***@gmail.com,+91-XXXXX80,41-60
P1965,50,F,7a144a53b04cc81d,a***@hotmail.com,+91-XXXXX52,41-60
P1966,78,M,a20d27a41290f0f6,r***@gmail.com,+91-XXXXX06,60+
P1967,75,M,084c2fdfb2cfac34,a***@yahoo.com,+91-XXXXX91,60+
P1968,9,M,54014437dbc34ec5,s***@gmail.com,+91-XXXXX07,<18
P1969,34,F,c478613d68869e70,s***@gmail.com,+91-XXXXX52,26-40
P1970,76,M,43e2404076fb6adc,v***@yahoo.com,+91-XXXXX53,60+
P1971,35,M,4f1a1544aeb30f61,v***@yahoo.com,+91-XXXXX20,26-40
P1972,1,F,a55b2a834eafeb4b,a***@gmail.com,+91-XXXXX25,<18
P1973,40,F,c1e8c181f6511617,k***@yahoo.com,+91-XXXXX80,26-40
P1974,64,M,7c6cc34438878dbc,k***@gmail.com,+91-XXXXX98,60+
P1975,22,M,584e6ecfbb5068cd,r***@gmail.com,+91-XXXXX08,18-25
P1976,60,M,43e795ce9e2972f1,r***@hotmail.com,+91-XXXXX86,41-60
P1977,64,M,52f8973305291f1c,s***@outlook.com,+91-XXXXX12,60+
P1978,72,M,c25ca5d42d8ff595,v***@hotmail.com,+91-XXXXX92,60+
P1979,11,M,e0a3b78380d6f62a,k***@yahoo.com,+91-XXXXX95,<18
P1980,14,F,dba3c8511a29db71,a***@hotmail.com,+91-XXXXX12,<18
P1981,60,F,d2dd7e33f9b28b4a,d***@yahoo.com,+91-XXXXX18,41-60
P1982,30,F,5abb91c2d60e759d,a***@outlook.com,+91-XXXXX13,26-40
P1983,35,M,e5ae1e4026eb92ad,m***@outlook.com,+91-XXXXX37,26-40
P1984,85,F,0779d033adf09e53,i***@hotmail.com,+91-XXXXX50,60+
P1985,37,M,917729e2d70b3e5c,a***@outlook.com,+91-XXXXX78,26-40
P1986,5,M,01e36b6ef8868d62,d***@gmail.com,+91-XXXXX94,<18
P1987,83,F,8dc4460d81ef7136,s***@gmail.com,+91-XXXXX41,60+
P1988,78,M,5571b39aa61d6d02,k***@hotmail.com,+91-XXXXX43,60+
P1989,26,M,0205fc3b3bc939d6,r***@outlook.com,+91-XXXXX52,26-40
P1990,62,F,ad631d080a0b4572,a***@yahoo.com,+91-XXXXX53,60+
P1991,4,F,298f3763a18d944b,a***@rediffmail.com,+91-XXXXX19,<18
P1992,89,F,12ace399f9612707,d***@hotmail.com,+91-XXXXX36,60+
P1993,42,M,d6cc5c9f5208254d,m***@rediffmail.com,+91-XXXXX35,41-60
P1994,89,F,2d28fdae23b33823,d***@hotmail.com,+91-XXXXX53,60+
P1995,18,F,9d0a4330746b314b,a***@gmail.com,+91-XXXXX02,18-25
P1996,40,M,6705b364bc7ad924,i***@gmail.com,+91-XXXXX87,26-40
P1997,72,F,29898421060a0a05,a***@rediffmail.com,+91-XXXXX62,60+
P1998,39,F,91dbaf1799779932,s***@gmail.com,+91-XXXXX51,26-40
P1999,14,F,b7d79e1af8e5083e,a***@yahoo.com,+91-XXXXX90,<18
