booking_id,passport_number,emergency_contact_name,emergency_contact_phone
B1000,P1945887,Isaac Bakshi,+91-6478475128
B1001,L3482012,Anvi Konda,+91-6647078662
B1002,G8507659,Udant Dewan,+91-8405938220
B1003,M0891776,Harsh Chahal,+91-6264636839
B1004,N5742231,Pahal Balay,+91-9336478266
B1005,B0402369,Ayushman Chander,+91-7558392726
B1006,W9430120,Tejas Kaul,+91-9945047864
B1007,C3727117,Yashasvi Bala,+91-8603505776
B1008,J9885582,Rushil Saini,+91-8965638807
B1009,Y3306745,Thomas Sen,+91-9877686278
B1010,N0944128,Arunima Ahuja,+91-7598589414
B1011,E1885666,Nathaniel Sami,+91-6360376153
B1012,F9715066,Harini Mall,+91-9608066860
B1013,A5514377,Nachiket Kale,+91-7535206561
B1014,P3439252,Gayathri Chaudry,+91-9188989979
B1015,D1102867,George Rai,+91-7155145012
B1016,A7202455,Gunbir Parmer,+91-7432610204
B1017,L1091090,Hemangini Lalla,+91-9984968257
B1018,T1494981,Caleb Sharaf,+91-6596430106
B1019,Y4281793,Jeet Radhakrishnan,+91-9463630835
B1020,F7758446,Farhan Memon,+91-8815386249
B1021,L3372201,Janaki Handa,+91-6258570161
B1022,D7221455,Ekaraj Bath,+91-9567437221
B1023,P1894370,Vedant Mann,+91-9305609325
B1024,M1004627,Fariq Kaul,+91-9941518072
B1025,L7256592,Harrison Rai,+91-8546462966
B1026,C7520238,Arunima Setty,+91-7873936345
B1027,F6005595,Janya Gaba,+91-6618400795
B1028,V3325848,Kamala Pant,+91-7567010757
B1029,B7984870,Shaurya Loke,+91-6537374016
B1030,X1767993,Ekbal Garg,+91-7582401429
B1031,J4039464,Yash Gade,+91-7143533949
B1032,H7360601,Turvi Raghavan,+91-9117548599
B1033,V4907938,Anamika Kanda,+91-7517714041
B1034,W5283061,Ekta Bhalla,+91-7615250606
B1035,A1242446,Veer Balay,+91-7882931517
B1036,F5144881,Diya Rattan,+91-6103573647
B1037,H1421751,Amrita Bhatti,+91-9648445418
B1038,D7941515,Siddharth Murty,+91-7685516192
B1039,J0911225,Simon Tata,+91-7613989854
B1040,Z5056618,Meghana Shanker,+91-7304165230
B1041,Y7913787,Luke Lanka,+91-8313796035
B1042,B0730950,Liam Koshy,+91-8546175890
B1043,A5712198,Adya Sangha,+91-7608341388
B1044,T8851905,Mohini Pathak,+91-9415090954
B1045,B1042462,Theodore Devi,+91-9179883432
B1046,V5174460,Yashodhara Tak,+91-8298401874
B1047,C2899151,Gavin Batta,+91-8441784608
B1048,D2939130,Imaran Dua,+91-6971424278
B1049,W9848416,Nathaniel Sami,+91-9199823067
B1050,L4021190,Devansh Rajan,+91-6603824482
B1051,M6814298,Lakshmi Sidhu,+91-8280796443
B1052,F9107322,Zayan Apte,+91-9105676326
B1053,V4937830,Ishwar Yadav,+91-9306665009
B1054,V4526969,Amara Oak,+91-7761838191
B1055,D6497016,Isaac Memon,+91-8842277684
B1056,E9291320,Radhika Dugar,+91-6885176381
B1057,C6234190,Sudiksha Aggarwal,+91-6991174263
B1058,A6153722,Adya Tella,+91-8541444081
B1059,N8473236,Pranav Tripathi,+91-7626040433
B1060,T4604067,Hitesh Misra,+91-6903507113
B1061,R8436142,Yashica Issac,+91-7557577530
B1062,A7819754,Michael Prakash,+91-7839197050
B1063,J7642737,Neel Zacharia,+91-7792800081
B1064,T6388214,Aadi Naik,+91-8840782918
B1065,D4846019,Vrinda Bahl,+91-8370688991
B1066,H8998278,Isaac Patil,+91-6451518025
B1067,W6950732,Damyanti Khatri,+91-8874039825
B1068,P4493699,Dalbir Khosla,+91-9606649882
B1069,Y3350557,Farhan Chada,+91-8629516369
B1070,H6801192,Vedika Biswas,+91-6320073428
B1071,R6811872,Jeremiah Dave,+91-7334580870
B1072,M1040961,Vaishnavi Gandhi,+91-9324502708
B1073,C5391149,Alka Wable,+91-9839804571
B1074,J8207365,Pallavi Kakar,+91-7718126104
B1075,J0655782,Sai Muni,+91-6773457796
B1076,X0432230,Mohini Prakash,+91-7312219350
B1077,E4707392,Raksha Varughese,+91-7493679292
B1078,Z4621276,Siya Dara,+91-8137720016
B1079,W2611231,Yug Kar,+91-6566668019
B1080,H2488899,Devansh Nigam,+91-7989890958
B1081,Y8937629,Ansh Karpe,+91-8379418400
B1082,Y3036468,Thomas Amble,+91-6955344669
B1083,E0381876,Ekavir Bhargava,+91-7678774087
B1084,H2308981,Veer Bir,+91-6464118688
B1085,V8144582,Azad Narayanan,+91-9626679329
B1086,G2318297,Ekavir Varkey,+91-6892143483
B1087,L7245000,Wazir Mallick,+91-6969298674
B1088,A1529113,Vedika Kala,+91-9941437433
B1089,W5090255,Kevin Solanki,+91-6953291422
B1090,V4442182,Xavier Solanki,+91-9660731775
B1091,C2248905,Niharika Gupta,+91-6644541387
B1092,P7009004,Girindra Chatterjee,+91-8783616973
B1093,L1584826,Raagini Pandya,+91-6353190231
B1094,P2483550,Pallavi Roy,+91-7943037557
B1095,X6080706,Unni Bhagat,+91-9746502655
B1096,Y8795098,Guneet Bhat,+91-6165188767
B1097,J0164818,Neha Nori,+91-6380899257
B1098,Z4287738,Ikbal Kothari,+91-7667280675
B1099,Z1643212,Rehaan Gupta,+91-8879525408
B1100,F8946420,Saumya Dey,+91-7495412423
B1101,V6314417,Pahal Goswami,+91-8778210041
B1102,N2554026,Arya Shere,+91-8464997824
B1103,W2430176,Zaid Borra,+91-8412030195
B1104,V9880315,Saanvi Chaudhari,+91-7991651992
B1105,J5279050,Chandresh Zachariah,+91-6412862865
B1106,H3335384,Alexander Chander,+91-6523827368
B1107,H2111978,Warjas Ganesan,+91-6684521339
B1108,B9339137,Niharika Sunder,+91-9791520049
B1109,L3060119,Vasana Kala,+91-8518051363
B1110,D7868800,Nandini Bhargava,+91-6970468743
B1111,A9156182,Nitesh Raghavan,+91-7839160327
B1112,N5774491,Aarnav Ramakrishnan,+91-7520650611
B1113,M9520149,Alka Sha,+91-8216883389
B1114,W4336875,Bhavika Sampath,+91-7912308435
B1115,P3223998,Vidhi Dubey,+91-7584571024
B1116,J5561140,Ranveer Minhas,+91-9902241177
B1117,B5053766,Teerth Bhardwaj,+91-6657636273
B1118,D1260030,Darsh Murthy,+91-8519392542
B1119,N9106271,Dakshesh Bedi,+91-7207315920
B1120,F3455068,Vansha Thakkar,+91-6621179377
B1121,Z7682938,Nakul Bhandari,+91-6224369980
B1122,H4808735,Yashoda Buch,+91-9816300459
B1123,W8260335,Quincy Biswas,+91-6816213440
B1124,M7090859,Ekansh Keer,+91-8716421753
B1125,F0749269,Netra Dar,+91-9938075564
B1126,K8997184,Yatin Baral,+91-8721996718
B1127,N9325914,Finn Saini,+91-8711476141
B1128,Y3231234,Diya Lal,+91-9705499264
B1129,W0690872,Samarth Murthy,+91-6590894894
B1130,P0723483,William Lanka,+91-7449801553
B1131,Y5382804,Meghana Deep,+91-9812516703
B1132,D2996508,Charita Shankar,+91-8684652875
B1133,E6418696,Diya Bora,+91-6990362496
B1134,G0876123,Aditya Shanker,+91-8905759254
B1135,D4346823,Harish Borah,+91-8772206706
B1136,B0273008,Tanay Toor,+91-9517992968
B1137,C0168311,Alka Deo,+91-8984291393
B1138,A0168094,Ikshita Biswas,+91-6892131934
B1139,L0762839,Yash Pingle,+91-9773212157
B1140,E0534407,Bhavani Dugar,+91-8519551700
B1141,F0726629,Raksha Mittal,+91-6696425455
B1142,C7760299,Abhiram Mistry,+91-6526574971
B1143,V8413337,Hemang Desai,+91-7437369840
B1144,M2356178,Aishani D’Alia,+91-6320027996
B1145,F1192061,Hredhaan Dugal,+91-7986016715
B1146,V5277895,Anita Manda,+91-7334348150
B1147,R1844490,Shivansh Oza,+91-8151309430
B1148,E6480164,Samar Lalla,+91-7585050672
B1149,G4167812,Yashasvi Suresh,+91-9816482528
B1150,V2210217,Zayan Behl,+91-7380352234
B1151,V6298579,George Sampath,+91-9987269085
B1152,H8318285,Aradhana Basu,+91-8345788402
B1153,X7079866,Aarush Nath,+91-9851739050
B1154,B6736820,Kalpit Lala,+91-9680487005
B1155,E1223552,Neel Sathe,+91-8115925900
B1156,L8714692,Prisha Andra,+91-7178118235
B1157,X2596790,Isaac Borra,+91-9769410380
B1158,Y8480220,Manthan Banik,+91-7811153787
B1159,W6948424,Kala Divan,+91-6795001686
B1160,C4578870,Qushi Datta,+91-8292245204
B1161,H8676738,Benjamin Morar,+91-9395171674
B1162,N1917798,Janya Baral,+91-7769629690
B1163,X6872258,Ishita Kade,+91-6948822987
B1164,Z8580623,Zaid Chauhan,+91-8132102471
B1165,M6695790,Irya Ray,+91-6280302367
B1166,J8255442,Mohammed Khalsa,+91-9737367690
B1167,N3259423,Nicholas Goel,+91-8947756854
B1168,N3389156,Nitara Bakshi,+91-6834943269
B1169,L2857256,Praneel Natarajan,+91-7533417397
B1170,X3358951,Nisha Kothari,+91-6701224039
B1171,N5507846,Amara Dutta,+91-8911735830
B1172,T4430349,Hritik Raja,+91-6993779600
B1173,D7972038,Balvan Singhal,+91-7388980197
B1174,B1536415,Tristan Iyengar,+91-6450864287
B1175,L3132593,Triveni Palla,+91-6355710363
B1176,P7500942,Dalaja Kari,+91-6137787327
B1177,M2769819,Udant Bajwa,+91-6749690863
B1178,E7045238,Reyansh Rastogi,+91-8531852098
B1179,F2586605,Falguni Mallick,+91-9678655466
B1180,R4422758,Ekaraj Mallick,+91-8681269558
B1181,Z5965594,Indali Upadhyay,+91-7426999169
B1182,Y1165020,Mugdha Yadav,+91-7960734521
B1183,K5393132,Garima Bala,+91-8174348652
B1184,G0557083,Jack Lal,+91-7832286490
B1185,D4448896,Pranav Lanka,+91-9254696542
B1186,T3677462,Balvan Chopra,+91-8653314213
B1187,F5431832,Radha Pai,+91-7304465908
B1188,C2392049,Dipta Sarin,+91-9892739782
B1189,A1836472,Yasti D’Alia,+91-9470448556
B1190,A8276817,Lekha Gupta,+91-8615481523
B1191,R5458472,Aachal Basu,+91-6449432358
B1192,E9187683,Rajata Agarwal,+91-6689885924
B1193,F7172173,Zinal Yohannan,+91-7706110978
B1194,Z9205222,Ronith Patla,+91-9283816626
B1195,D6591438,Raagini Boase,+91-7449076166
B1196,Z5398358,Ganga Murthy,+91-9231164596
B1197,T7732643,Jeet Mital,+91-8380287338
B1198,J9791279,Yashica More,+91-7713152983
B1199,F7120539,Nilima Narain,+91-9871767632
B1200,D3752988,Neha Merchant,+91-7130148921
B1201,D2560832,Joshua Handa,+91-8917114055
B1202,W7978889,Osha Raghavan,+91-7844446263
B1203,M8523860,Owen Mitra,+91-6398640009
B1204,K3619951,Nidra Acharya,+91-8996772075
B1205,F3910292,Daksha Mangat,+91-6199294339
B1206,K3748309,Shivansh Sani,+91-9604762395
B1207,C3971912,Ekanta Shroff,+91-7885716415
B1208,E1321767,Riya Sathe,+91-6750512858
B1209,C1166122,Tanay Vaidya,+91-6579416064
B1210,E5873393,Urvashi Gara,+91-7563264358
B1211,N5380274,Frado Mander,+91-7920725378
B1212,K2114086,Yutika Nayak,+91-8109386819
B1213,X5229462,Girik Keer,+91-7852291107
B1214,M5610399,Dayita Kar,+91-9984219571
B1215,A1371243,Rushil Din,+91-8679433317
B1216,M6423041,Aryan Batra,+91-7617385129
B1217,B6159273,Yash Soman,+91-6278618927
B1218,Y9071669,Elijah Shah,+91-7239573132
B1219,E4815542,Oeshi Hayer,+91-8134770964
B1220,H0109567,Leena Talwar,+91-9944862559
B1221,K9157955,Mugdha Kohli,+91-7364245218
B1222,J7124760,Manbir Ahluwalia,+91-6925875907
B1223,D8103068,Hredhaan Sandal,+91-9528034660
B1224,J1726808,Theodore Goda,+91-6972239317
B1225,M7129015,Zarna Shetty,+91-6309901229
B1226,V0671307,Chandresh Krish,+91-6151323124
B1227,K5847436,Jairaj Shan,+91-7126618218
B1228,A9625885,Kiaan Shetty,+91-9740122235
B1229,J7031805,Edhitha Savant,+91-7751721227
B1230,N2746662,Yamini Sandhu,+91-6663302051
B1231,H2700046,Sanaya Dutt,+91-6433505590
B1232,L9011079,Vaishnavi Sengupta,+91-9233491252
B1233,J0049388,Aashi Kota,+91-8716509119
B1234,A5315204,Aradhana Verma,+91-8794264349
B1235,Y7698731,Vedhika Khare,+91-9835680345
B1236,D6698416,Anvi Sarraf,+91-7332232732
B1237,T4077943,Faras Mangal,+91-8569111042
B1238,F3899499,Wahab Magar,+91-9966524048
B1239,A1426203,Gautami Nagarajan,+91-9980268284
B1240,W2116020,Faris Devi,+91-6352555606
B1241,M9989897,Matthew Kashyap,+91-6577231868
B1242,A8894801,Leela Dua,+91-8674563494
B1243,E2175883,Tanish Bhatt,+91-8569942271
B1244,A8200480,Oeshi Reddy,+91-8608175439
B1245,C2369149,Ganga Shukla,+91-6269469724
B1246,V7942968,Ojasvi Bhatia,+91-9879757156
B1247,N9704095,Samuel Salvi,+91-6377724867
B1248,C9615607,Lopa Bahri,+91-9405068805
B1249,W8356517,Lajita Sood,+91-8787193294
B1250,B9649668,Abeer Pandey,+91-8756919472
B1251,P0478421,Chanchal Ramakrishnan,+91-7702190000
B1252,L1622593,Oni Yohannan,+91-7100368619
B1253,V9348688,Thomas Sura,+91-6568052911
B1254,E4672879,Theodore Mahajan,+91-6769197840
B1255,C1413193,Rajata Sunder,+91-7981271946
B1256,G6133760,Ayush Ramachandran,+91-7147020072
B1257,J5881650,Gayathri Ravel,+91-8905817961
B1258,K7241916,Noah Sibal,+91-6307499118
B1259,K4096617,Joshua Walla,+91-6929358041
B1260,V2498980,Avi Ramesh,+91-9994779063
B1261,W2141746,Avi Chacko,+91-7450520909
B1262,Y2664869,Priya Deshmukh,+91-9847838944
B1263,Y8748694,Triya Gopal,+91-8731738359
B1264,J5011929,Chandresh Lad,+91-9487960179
B1265,H6051171,Ladli Narang,+91-6343813723
B1266,Y8863653,Siddharth Sha,+91-7207383106
B1267,V9455906,Eta Nazareth,+91-6126600019
B1268,Y9424894,Ladli Mall,+91-8504087177
B1269,N4896676,Oviya Krishnan,+91-9381460807
B1270,F0456577,Finn Singhal,+91-6713332228
B1271,R4533890,Anirudh Zacharia,+91-7939913662
B1272,M4662265,Charles Palla,+91-6525728311
B1273,Z5995300,Udarsh Biswas,+91-7227146375
B1274,F2427677,Banjeet Balasubramanian,+91-7920133571
B1275,L9160112,Yug Iyengar,+91-6199106536
B1276,M8488600,Anmol Dua,+91-9732229840
B1277,V6778231,William Date,+91-8576836223
B1278,A4726426,Urvashi Contractor,+91-6276763565
B1279,B3843753,Tejas Shroff,+91-9908054052
B1280,W0785254,Aahana Pillay,+91-8237349514
B1281,D8385454,Oliver Contractor,+91-9373229374
B1282,K5475231,Nihal Mukhopadhyay,+91-7265532151
B1283,R4897917,Hritik Bal,+91-7360807808
B1284,K2720388,Devika Prashad,+91-7980090070
B1285,C7508019,Mekhala Issac,+91-6373728913
B1286,L3069358,Faqid Kibe,+91-8770153362
B1287,H5340018,Harsh Mitra,+91-9573027930
B1288,T8481652,Jai Barman,+91-8819434865
B1289,M4460838,Idika Walia,+91-6610147017
B1290,Y9378105,Priya Prabhakar,+91-6257929769
B1291,W7884869,Ekapad Toor,+91-7920697572
B1292,Y0457927,Harita Arora,+91-9831243679
B1293,E4630198,Osha Suri,+91-8287936545
B1294,J2383972,Hitesh Sant,+91-7709899502
B1295,D2187062,Janaki Sharaf,+91-6864172053
B1296,X8322101,Michael Saran,+91-7288687733
B1297,A0186766,Patrick Vig,+91-6645378361
B1298,Z9876108,Anamika Yohannan,+91-7500152809
B1299,N1403845,Veda Shroff,+91-6733113217
B1300,V0746823,Rajata Loyal,+91-9732113521
B1301,L1003076,Ekantika Korpal,+91-8977644069
B1302,J5967150,Gabriel Mallick,+91-9817734089
B1303,N6411065,Shravya Kohli,+91-6855999768
B1304,H4078516,Ucchal Raghavan,+91-9145051700
B1305,V9058366,Gayathri Balakrishnan,+91-7505789203
B1306,W9996269,Warda Nair,+91-7679751450
B1307,P8889178,Qabil Sura,+91-6490932614
B1308,A5962571,Simon Pant,+91-6844332287
B1309,Y3201265,Aarna Oak,+91-7508172677
B1310,A4180952,Ati Majumdar,+91-8460363222
B1311,V5177741,Advaith Varughese,+91-8513494288
B1312,Y2118824,Rayaan Chada,+91-9247930241
B1313,P4222975,Wyatt Ray,+91-6582409760
B1314,B4542185,Vrinda Khosla,+91-9994898284
B1315,B5682092,Vamakshi Swaminathan,+91-9991747462
B1316,A9001635,Sara Badal,+91-6593232068
B1317,F3247282,Girik Menon,+91-8105429773
B1318,B1788224,Timothy Ravel,+91-6246297023
B1319,P1685071,Yagnesh Mohan,+91-6198211758
B1320,D9509271,Jyoti Solanki,+91-7558921202
B1321,C0537092,Hemangini Sandal,+91-6596471866
B1322,C6950074,Ganga Pandey,+91-8703200643
B1323,L4329876,Sudiksha Madan,+91-8241202487
B1324,Y4471619,Damini Krishnamurthy,+91-9317094040
B1325,K8131045,Vihaan Dara,+91-8931809747
B1326,W9632174,Reyansh Mutti,+91-8570138283
B1327,J8352680,Jagdish Wason,+91-9141787662
B1328,P7398344,Qasim Handa,+91-8289919958
B1329,L3646280,Tarak Sule,+91-6578369243
B1330,R4065795,Aradhana Vohra,+91-8526346256
B1331,F3920908,Barkha Chaudhry,+91-6145639583
B1332,T4091311,Rishi Minhas,+91-9201742108
B1333,Y0254760,Utkarsh Patel,+91-6536071145
B1334,Y5354120,Praneel Mittal,+91-7295679658
B1335,R5950026,Akshay Walla,+91-8219178680
B1336,L3259479,Jonathan Mahal,+91-9403353059
B1337,B7173279,Chakradev Bhagat,+91-8791396646
B1338,A3100649,Brinda Date,+91-6318252453
B1339,X1045203,Vritti Chauhan,+91-8169159137
B1340,C8491359,Advik Mane,+91-8471630823
B1341,H5952056,Upasna Srinivas,+91-6537611075
B1342,T9900696,Ridhi Oak,+91-9870011209
B1343,R7403784,Qarin Behl,+91-7811045104
B1344,G9449530,Zayyan Sridhar,+91-9592285145
B1345,N2550325,Ishaan Bhattacharyya,+91-9328187922
B1346,N5426241,Nandini Swamy,+91-8297321806
B1347,X0292334,Ethan Bera,+91-6116356679
B1348,B9060530,Max Dixit,+91-8360893196
B1349,A2116673,Daksha Chada,+91-6402354833
B1350,L7598875,Yuvraj Dani,+91-7737178891
B1351,X6426033,Omaja Kara,+91-7956136783
B1352,A2755821,Lajita Seshadri,+91-9126482884
B1353,Y2071152,Saanvi Mishra,+91-6294274844
B1354,G6219215,Pushti Mody,+91-9876089213
B1355,A5916118,Darpan Chaudhary,+91-8456821313
B1356,W8195977,Sarthak Kakar,+91-6509868460
B1357,W8005378,Aishani Bumb,+91-9753539923
B1358,E8972845,Naksh Khatri,+91-6651810560
B1359,E2720028,Oscar Borde,+91-8676228471
B1360,E3220414,Naksh Agate,+91-8803122317
B1361,G2811659,Nilima Seshadri,+91-6822763821
B1362,E0203042,Upma Manne,+91-7869807951
B1363,R7521353,Bachittar Kata,+91-6548747515
B1364,L0646300,Bhavya Mandal,+91-7989248079
B1365,R7756919,Sudiksha Bobal,+91-6834210703
B1366,A2916174,Vivaan Lalla,+91-6270855252
B1367,X8310438,Rudra Sandal,+91-9520780157
B1368,F2913167,Ishwar Kar,+91-6493947814
B1369,N8566706,Manthan Lata,+91-9264252076
B1370,C9865504,Lucky Bora,+91-8804403721
B1371,B7663493,Darpan Gandhi,+91-9469141602
B1372,A4962732,Damyanti Mani,+91-7565832017
B1373,D1424362,Reva Dash,+91-8386211304
B1374,E1880879,Upadhriti Modi,+91-9258397223
B1375,Z3419964,Neha Magar,+91-8964359962
B1376,H2472505,Xiti Zacharia,+91-7379969634
B1377,G0311587,Wakeeta Sarma,+91-8871771232
B1378,J5769475,Faris Baral,+91-8874968535
B1379,Z5353659,Rachana Naidu,+91-9515172178
B1380,Y8616342,Zashil Bal,+91-8406607743
B1381,M0809594,Gavin Karnik,+91-8299033911
B1382,N9255966,Ansh Luthra,+91-7221162822
B1383,H0742359,Banjeet Gill,+91-7513182261
B1384,D4048933,Upma Venkataraman,+91-6423193523
B1385,L4307963,Riya Mall,+91-6830863433
B1386,A0817852,Pratyush Sarin,+91-6495523897
B1387,W7184523,Vyanjana Chand,+91-8893628754
B1388,F6874470,Upma Pall,+91-7790218221
B1389,F0865237,Nilima Nath,+91-7719876220
B1390,P6563370,Ekani Cheema,+91-6793320994
B1391,B5278105,Naveen Narayan,+91-6139048281
B1392,A2722142,Nisha Tandon,+91-7228757852
B1393,P0943913,Bhavya Rattan,+91-6630833402
B1394,F0313695,Balhaar Sha,+91-7656302923
B1395,N2092973,Gaurang Murty,+91-8760748777
B1396,M3322273,Zayyan Naik,+91-7101529194
B1397,K5735323,Jack Raval,+91-6644683359
B1398,M0761087,Yoshita Agarwal,+91-7517782164
B1399,Y7182360,Turvi Sachdev,+91-9233875517
B1400,E6158388,Chatura Guha,+91-6629349488
B1401,Z6484673,Zarna Pathak,+91-8240686092
B1402,E3322280,Wishi Sathe,+91-8372468758
B1403,E5892225,Charan Jani,+91-9296538210
B1404,Y5350637,Amara Deep,+91-6670771783
B1405,B4674130,Bhavna Sarma,+91-8346010547
B1406,W4185201,Vedhika Dara,+91-7530884687
B1407,B8463975,Ayush Khatri,+91-8884365796
B1408,J7055491,Nathan Mukhopadhyay,+91-6495445629
B1409,C6411955,Akshay Reddy,+91-6711576973
B1410,C9693957,Girik Kar,+91-7164637244
B1411,T0204262,Ishaan Shenoy,+91-9203180131
B1412,E1241393,Jacob Dube,+91-9596881987
B1413,W9760987,Wishi Manne,+91-7557803192
B1414,T7319227,Yashodhara Mahajan,+91-6594331680
B1415,L9889786,Ojasvi Subramanian,+91-7777493723
B1416,X4319165,Urmi Kohli,+91-6650286446
B1417,X5231202,Tanmayi Dhillon,+91-6477927960
B1418,A5764497,Leela Halder,+91-6863394412
B1419,B0268764,Yashoda Deshpande,+91-9633018119
B1420,N4979741,Ekaraj Majumdar,+91-9473188349
B1421,P0450063,Oeshi Oak,+91-7604937587
B1422,G0964969,Yashica Loke,+91-9184909552
B1423,D9529635,Aarnav Mandal,+91-8737334983
B1424,R0255128,Chanchal Suri,+91-9824154194
B1425,G6431594,Manthan Sekhon,+91-8756833711
B1426,N5466345,Veda Pai,+91-7430059164
B1427,J1491699,Gaurangi Purohit,+91-7995268098
B1428,J4974394,Tamanna Nagy,+91-6664599799
B1429,W2230958,Ranbir Khare,+91-9876901643
B1430,G9889413,Leela Kaur,+91-6916310947
B1431,X7202170,Nirja Bassi,+91-8656812572
B1432,M3465579,Eesha Solanki,+91-6362458848
B1433,A0449646,Lakshmi Raju,+91-7708353703
B1434,B0251213,Max Tandon,+91-9482508755
B1435,V9635957,Balhaar Date,+91-9965612470
B1436,C9931458,Yadavi Narula,+91-8847069786
B1437,L6631138,Harish Sarraf,+91-7418496956
B1438,F3622033,Harish Vora,+91-8296614578
B1439,J6310437,Tanmayi Aurora,+91-9939055093
B1440,W0085294,Maanas Rout,+91-6264272446
B1441,Z1774174,Mohammed Borde,+91-8323165768
B1442,L0238502,Upasna Lanka,+91-8553252524
B1443,N5275233,Hamsini Rao,+91-7769594504
B1444,H0202569,Faris Narasimhan,+91-7110695352
B1445,H0334677,Lajita Nadig,+91-6819758689
B1446,P7507627,Vinaya Banik,+91-7903580651
B1447,B2453012,Ekapad Keer,+91-8976242839
B1448,T2303420,Bhavna Karan,+91-8592259801
B1449,C9017222,Gautam Saraf,+91-8162802828
B1450,R6487177,Guneet Chaudhry,+91-9213677953
B1451,Y9240658,Sachi Ganesan,+91-9265448759
B1452,T2581225,Chandani Balakrishnan,+91-8513688446
B1453,N8448237,Chakradhar Nair,+91-7584654326
B1454,X1212110,Daksh Memon,+91-9651380104
B1455,B3586901,Jagrati Prasad,+91-9412832579
B1456,B3925199,Raagini Dhingra,+91-8291343796
B1457,Y5171222,Yash Wali,+91-8368192082
B1458,H8722054,Nisha Gole,+91-6503383841
B1459,F6549633,Onkar Gill,+91-7317278817
B1460,K4470488,Farhan Raja,+91-8112609563
B1461,J7020596,Wridesh Tank,+91-8176634497
B1462,Y5377492,Luke Kata,+91-7271753941
B1463,Y5634277,Triya Kumar,+91-7271817988
B1464,M9206165,Tripti Kumer,+91-7129825287
B1465,Z5922941,Aditya Shroff,+91-9334469035
B1466,B2955963,Bhavna Dugar,+91-9817662257
B1467,E6294206,Ethan Sathe,+91-8812154253
B1468,J9808513,Hemani Mistry,+91-6339482325
B1469,Z8004983,Panini Krishna,+91-6289816316
B1470,E1215481,Tanmayi Mittal,+91-7567550375
B1471,W6876401,Rushil Rajagopalan,+91-8381474844
B1472,W8064420,Vasudha Chhabra,+91-7712051373
B1473,V7787358,Warjas Raj,+91-9784838854
B1474,N4641962,Jagrati Merchant,+91-7220036881
B1475,Y2622132,Chakrika Bains,+91-6148825334
B1476,K2948314,Meghana Maharaj,+91-6196687876
B1477,T9726999,Abhiram Bawa,+91-6799744320
B1478,F8318003,Watika Mangat,+91-9122480683
B1479,F0005328,Victor Pandey,+91-9302456229
B1480,D0505243,Theodore Gupta,+91-6481476905
B1481,W2692990,Zashil Devan,+91-9673358664
B1482,P2763328,Gunbir Baral,+91-9822816092
B1483,G3761851,Dayamai Sastry,+91-9588419169
B1484,D3684101,Bahadurjit Patla,+91-7315956412
B1485,H9218835,Karan Chana,+91-6667316833
B1486,T5067761,Chakrika Narain,+91-8986397259
B1487,X2088143,Ojasvi Gill,+91-7601532871
B1488,Y7617815,Sai Deo,+91-7680913418
B1489,K5720266,Jasmit Wali,+91-9673234879
B1490,N2959125,Yachana Mahajan,+91-8762222386
B1491,V9925539,Nitesh Kurian,+91-9774604694
B1492,Z0742990,Vasatika Merchant,+91-9253243773
B1493,Y6694179,Hamsini Contractor,+91-6703910915
B1494,A8974748,Upadhriti Borra,+91-8535539861
B1495,J1839841,Lohit Kara,+91-7410284823
B1496,R8536988,Mekhala Pau,+91-8933659307
B1497,X8044509,Gautam Rana,+91-9110643751
B1498,L2102627,Akshay Lalla,+91-9411254113
B1499,W9008248,Jatin Sha,+91-6926966364
B1500,H0889830,Jyoti Lala,+91-8815925186
B1501,W8399741,Lakshmi Prabhu,+91-7115643227
B1502,E7500030,Hritik Kaur,+91-9915799285
B1503,N1995305,Urishilla Bakshi,+91-6699103000
B1504,J9378467,Falak Kant,+91-9874182210
B1505,A1872600,Dev Shetty,+91-7559268147
B1506,M1034444,Chasmum Rege,+91-6522404300
B1507,T4568652,Jackson Dey,+91-9252217266
B1508,E1559967,Chakradev Barad,+91-9924760857
B1509,F2219053,Daksha Tailor,+91-8571992022
B1510,A4747648,Jack Chatterjee,+91-8499824326
B1511,Y3965213,Wahab Yogi,+91-6625165952
B1512,C2455312,Krishna Rama,+91-7523469229
B1513,E2117327,Sudiksha Prabhakar,+91-9929359146
B1514,J8839585,Oni Dubey,+91-8283576774
B1515,F9425251,Oeshi Chaudhary,+91-8625331986
B1516,M9171050,Vrishti Reddy,+91-6490061214
B1517,K9147744,Ati Bali,+91-8785722215
B1518,G5247841,Kamala Kalla,+91-8723394061
B1519,K9734493,Sachi Saxena,+91-7624340765
B1520,V8033183,Warinder Patil,+91-6839143299
B1521,G3892608,Hardik Pillai,+91-7971969694
B1522,W1527873,Jagrati Bhat,+91-9297519631
B1523,L1521746,Mitali Majumdar,+91-7451583458
B1524,H7801891,Ranveer Das,+91-9301854363
B1525,K4671776,Suhani Chand,+91-9732273227
B1526,C4336299,Simon Bail,+91-9381312969
B1527,L0999900,Chandresh Nath,+91-8615063822
B1528,H9083521,Yagnesh Dass,+91-9812504067
B1529,V4424648,Samesh Biswas,+91-9725818533
B1530,M7285759,Sarthak Kalita,+91-7656534054
B1531,D9022179,Viraj Narasimhan,+91-6980470108
B1532,E4883971,Manbir Agate,+91-8905964314
B1533,X8445143,Aradhana Dhillon,+91-7661644584
B1534,N8112303,Kalpit Zachariah,+91-8907438286
B1535,P8119397,Zashil Ghosh,+91-8718945314
B1536,A0992177,Imaran Bal,+91-8258706512
B1537,W6693351,Karan Aurora,+91-6910185625
B1538,R0532601,Ishita Khanna,+91-7945319144
B1539,X1038297,Ekiya Babu,+91-8475339059
B1540,D3609085,Owen Lanka,+91-6145866491
B1541,K5024373,Charles Date,+91-8848569845
B1542,V7366271,Oviya Vora,+91-8647240037
B1543,Y6933539,Ishaan Bhatt,+91-6772840271
B1544,L8561547,Vamakshi Sen,+91-8514286093
B1545,N3979255,Janaki Varghese,+91-9411575520
B1546,H6902837,Ikbal Seth,+91-9130250567
B1547,F8966605,Yahvi Kant,+91-7659677207
B1548,C6441610,Caleb Verma,+91-9447172739
B1549,Z3584640,Charvi Shanker,+91-6302839899
B1550,W8027304,Azaan Bhat,+91-9323908049
B1551,P2814447,Varenya Ratti,+91-7735631188
B1552,L3096906,Pooja Chokshi,+91-8846435811
B1553,Y0922884,Vritti Sawhney,+91-8443491142
B1554,M1358727,Ethan Buch,+91-8311039652
B1555,A6881164,Ekanta Divan,+91-8323622397
B1556,X8818738,Dominic Date,+91-8649722837
B1557,H3364770,Anvi Nair,+91-7870366950
B1558,A9091538,Lakshmi Wali,+91-7685136792
B1559,E6254204,Chaitaly Setty,+91-7349799332
B1560,C9057720,Yashasvi Sani,+91-6121131527
B1561,B7941932,Hardik Contractor,+91-7691458123
B1562,Z1097941,Tanveer Sani,+91-8684100671
B1563,R0987264,Siya Kari,+91-7290542002
B1564,M1742240,Odika Nori,+91-7285103793
B1565,P1189003,Sudiksha Rastogi,+91-9206533185
B1566,N3070286,Ojasvi Chandran,+91-7160226762
B1567,E0095366,Dhriti Sane,+91-8311091070
B1568,P8900577,Dhriti Kumer,+91-6202842658
B1569,T3259007,Kavya Dua,+91-9196073310
B1570,G0722113,Urvi Bhavsar,+91-6898052605
B1571,V7167221,Gavin Chada,+91-8862297878
B1572,J6171928,Girik Sankaran,+91-6588325075
B1573,J4360234,Gopal Pradhan,+91-7487133229
B1574,E1602523,Kalpit Bhasin,+91-7886589310
B1575,A9447726,Forum Das,+91-7551686952
B1576,Z5513276,Nirja Pandya,+91-9747120459
B1577,K8024559,Pallavi Behl,+91-9139787918
B1578,E1191589,Bhavna Muni,+91-9680349506
B1579,N4986478,Indira Chawla,+91-9236259676
B1580,G7600884,Yashica Kala,+91-8125378537
B1581,V3781919,Mohammed Subramaniam,+91-8765409860
B1582,X2164006,Udarsh Chokshi,+91-9752759275
B1583,Z2353484,Inaya Pillai,+91-8582160940
B1584,B8213986,Ishwar Mallick,+91-9301317633
B1585,E0212372,Upkaar Sanghvi,+91-8101599970
B1586,G3000088,Atharv Loke,+91-8898624180
B1587,N7391900,Ayush Gole,+91-6230264298
B1588,J1600916,Anjali More,+91-7836061813
B1589,T3798979,Harinakshi Panchal,+91-6681728641
B1590,L4818674,Abeer Golla,+91-6154398124
B1591,A9984336,Luke Rattan,+91-7578533665
B1592,C1815198,Ekaraj Dhar,+91-8454040691
B1593,V2942034,Azaan Chand,+91-8318456311
B1594,L3466075,Tanveer Puri,+91-8404280775
B1595,X4667201,Oni Setty,+91-7386685375
B1596,Z0281822,Harita Dugar,+91-9740447815
B1597,K0262085,Kala Muni,+91-9381406201
B1598,L2735364,Ekta Chad,+91-8587944577
B1599,A0412918,Charles Dugal,+91-8215086733
B1600,W1612559,Nakul Bawa,+91-9222859966
B1601,B0792304,Finn Magar,+91-6157748100
B1602,C2838271,Saanvi Samra,+91-7315289344
B1603,E9615120,Vedika Sathe,+91-8112378468
B1604,T6653446,Oeshi Mahajan,+91-7254969471
B1605,R6346019,Tanveer Vala,+91-7107348238
B1606,M7347243,Ishaan Pai,+91-9189200192
B1607,T6822512,Qushi Choudhry,+91-7523313146
B1608,R0866656,Bhanumati Sur,+91-8182236165
B1609,Y7687849,Darika Bath,+91-9991065414
B1610,C2903500,Thomas Rana,+91-8637513593
B1611,X7422354,Christopher Amble,+91-6429894892
B1612,P6821215,Samarth Mitra,+91-8275693103
B1613,M4920644,Siddharth Devan,+91-6820030449
B1614,Y7388182,Aadhya Mann,+91-6818000528
B1615,P3435948,Falak Dar,+91-6667188111
B1616,V4968066,Abhimanyu Tank,+91-8205591327
B1617,D0212543,Qushi Gill,+91-7365358704
B1618,A1604986,Kai Rai,+91-9252769430
B1619,D8600320,Victor Tella,+91-9691372740
B1620,X9901140,Irya Bora,+91-8609859727
B1621,D3171978,Mekhala Basak,+91-6776823445
B1622,N2590841,Rajata Bahl,+91-9982052713
B1623,V5501137,Tripti Brahmbhatt,+91-8669200353
B1624,F1072887,Dhriti Sanghvi,+91-6606455944
B1625,E7903716,Nidhi Sahni,+91-6693268999
B1626,V1972239,Bimala Contractor,+91-9626573732
B1627,D8375307,Nidhi Bail,+91-6107488394
B1628,F4808557,Ekta Garg,+91-6282231638
B1629,Z4432362,Triveni Pathak,+91-9728225072
B1630,B6968574,Gaurang Sarkar,+91-9121392269
B1631,N7516913,Hitesh Kohli,+91-7196038353
B1632,L0164261,Rajata Rattan,+91-6333630781
B1633,G5084243,Farhan Randhawa,+91-7720501769
B1634,E4848130,Dayita Nori,+91-6893055198
B1635,P9105302,Timothy Nath,+91-6504861859
B1636,T5864633,Om Bose,+91-8690504980
B1637,C1050147,Yashvi Comar,+91-7626760528
B1638,V9615738,Yashvi Hari,+91-6246904781
B1639,W1775123,Ikshita Panchal,+91-9644053873
B1640,D5542609,Manbir Keer,+91-7888504451
B1641,N0244654,Harshil Dhingra,+91-9251769571
B1642,B5171073,Aahana Hora,+91-9231536644
B1643,M6478370,Oscar Dua,+91-9441503774
B1644,K3802741,Faqid Goel,+91-8857715792
B1645,R2602925,Wakeeta Shetty,+91-9258377529
B1646,R2884076,Saumya Naidu,+91-7111044076
B1647,R6327135,Diya Dora,+91-9610980840
B1648,P2592386,Ria Bir,+91-6536408368
B1649,A4886932,Upasna Sathe,+91-8937703414
B1650,M3405089,Chavvi Maharaj,+91-7720311933
B1651,P1597640,Daksh Pandey,+91-8541838199
B1652,R0789775,Yashica Borah,+91-7568510269
B1653,C9038422,Dayita Shenoy,+91-9904854504
B1654,E7320222,Siya Barad,+91-6917736787
B1655,C7576917,Dakshesh Pillay,+91-7161424650
B1656,K2985144,Bhavini Bose,+91-7134769841
B1657,M2169039,Gautam Tripathi,+91-6293469851
B1658,P9801426,Leena Shere,+91-6165015091
B1659,P8017703,Benjamin Sengupta,+91-7578511131
B1660,B5004933,Raghav Nagy,+91-9297074370
B1661,J4693172,Vamakshi Thaker,+91-9359486864
B1662,W0839065,Matthew Bhatia,+91-7475588498
B1663,Y9851939,Shravya Chauhan,+91-9852386291
B1664,F7281291,Hemal Chad,+91-8800313111
B1665,B4960266,Yamini Gera,+91-8984830703
B1666,F7284539,Balveer Kota,+91-8125120106
B1667,R0886406,Raksha Sarna,+91-9123300625
B1668,F0801929,Nathan Patla,+91-7928549908
B1669,C5439044,Kashish Mandal,+91-7286136069
B1670,F5333202,Lila Rege,+91-6143741026
B1671,E5550193,Hamsini Ben,+91-8954928950
B1672,B3698884,Gaurika Bhatti,+91-7910731994
B1673,H3243629,Forum Chandra,+91-6971712711
B1674,W0598312,Libni Mander,+91-6273615782
B1675,X0759659,Zayyan Doctor,+91-6253161692
B1676,H7631774,Gauri Bumb,+91-7170401522
B1677,A6294193,Lohit Palla,+91-6729166384
B1678,E2671317,Dayita Ramanathan,+91-9237555813
B1679,P4752864,Kai Chad,+91-7852928728
B1680,A9617300,Dayita Puri,+91-8438663589
B1681,E4032115,Falguni Datta,+91-8110665577
B1682,L1432191,Girik Sampath,+91-6655580562
B1683,R7972479,Yashoda Pathak,+91-8240974031
B1684,E1883458,Andrew Patil,+91-7890224337
B1685,A4877067,Dayamai Gole,+91-7324379394
B1686,H2998651,Tanish Om,+91-6278165076
B1687,L7846408,Vedika Handa,+91-8889458889
B1688,V8382567,Upkaar Devan,+91-7119316032
B1689,V4672925,Mohammed Brahmbhatt,+91-8891469943
B1690,M1962822,Chakrika Chaudhuri,+91-6910655739
B1691,D8256247,Yashica Zacharia,+91-9302618246
B1692,X4201223,Baljiwan Nayar,+91-8711744649
B1693,X2900966,Karan Puri,+91-9142689241
B1694,E6604509,Mitesh Gaba,+91-7298762013
B1695,C7400391,Pratyush Gandhi,+91-6717316531
B1696,H3538922,Raksha Bassi,+91-9200551789
B1697,C9360060,Nirja Patla,+91-9621681258
B1698,B5646160,Wazir Sawhney,+91-7519749640
B1699,K3850095,Bhavani Sen,+91-7314625089
B1700,J6176231,Vivaan Walla,+91-9223121891
B1701,A9441642,William More,+91-6517781575
B1702,M4413727,Upasna Hari,+91-9661952340
B1703,M7606349,Jhalak Sastry,+91-6979168483
B1704,J6175518,Triya Manda,+91-6997533747
B1705,T9993242,Lavanya Thakkar,+91-8701684029
B1706,H7444172,Omya Edwin,+91-8559991687
B1707,L3869479,Ryan Devi,+91-8415059365
B1708,W5362689,Zashil Ben,+91-9285710743
B1709,G8641009,Vasana Prabhu,+91-8771970661
B1710,L7421643,Harshil Varty,+91-6996820381
B1711,B9378146,Jeet Mane,+91-9795294431
B1712,Z6143788,Fiyaz Dyal,+91-7590739130
B1713,B6618756,Anjali Sengupta,+91-9241061328
B1714,N3681541,Yochana Din,+91-6164221002
B1715,E7729108,Rajeshri Chand,+91-6848939547
B1716,R8604356,Tristan Seshadri,+91-8139196925
B1717,H3746983,Ikshita Bala,+91-9618667746
B1718,Z7306718,Oeshi Bera,+91-7551647696
B1719,P7941908,Meghana Thakkar,+91-9453365025
B1720,G8590673,Kashvi Keer,+91-8829862378
B1721,F8987605,Libni Bumb,+91-8713108415
B1722,E2170486,Kavya Kapur,+91-9833144457
B1723,R0663201,Ayaan Nagar,+91-6609561969
B1724,G9928919,Hardik Nayak,+91-6703284296
B1725,E6533717,Madhav Devan,+91-9983000747
B1726,K9426942,Balvan Mangat,+91-7193520806
B1727,H5490145,Urmi Dewan,+91-6508431375
B1728,Y2195873,Upasna Sen,+91-8752038503
B1729,V2438843,Abdul Buch,+91-7940535835
B1730,C7816780,Anirudh Kunda,+91-9788153732
B1731,J3158901,Tanveer Doctor,+91-8929356891
B1732,X2815037,Pallavi Choudhry,+91-9158410707
B1733,Y2640703,Bhavya Khanna,+91-6655748779
B1734,Z1726282,Charvi Dara,+91-7799308705
B1735,K4850072,Champak Khare,+91-8706607116
B1736,F7411680,Oni Shankar,+91-6872269849
B1737,Y6127662,Dev Choudhry,+91-6669495244
B1738,E0391702,Xalak Wason,+91-8401303803
B1739,J3596245,Amol Varma,+91-9106302522
B1740,C2042425,Wyatt Dhawan,+91-6728747652
B1741,C2375302,Bishakha Sanghvi,+91-9534939579
B1742,B3967024,Aarav Pandit,+91-8242762145
B1743,K0553648,Wridesh Saha,+91-9948012137
B1744,M4036488,Rachit Chada,+91-8869711410
B1745,X7738546,Jalsa Bir,+91-7236551103
B1746,H6066799,Yashica Tripathi,+91-8728468793
B1747,C2594972,Anmol Ramakrishnan,+91-6375492405
B1748,F9862269,Upma Bassi,+91-9547699749
B1749,N1799623,Lila Prakash,+91-7731346991
B1750,Y8335876,Zehaan Babu,+91-9584192935
B1751,Y2560413,Ishanvi Bir,+91-7152458441
B1752,V4931539,Hemani Khosla,+91-7920806711
B1753,Y1226000,Hemang Natarajan,+91-8153333127
B1754,Z7629143,Kiaan Basu,+91-6333782758
B1755,K1038975,Indira Nigam,+91-9242158329
B1756,B9986564,Parth Shetty,+91-7418741838
B1757,A5920823,Varenya Gopal,+91-6712277329
B1758,T6691948,Krishna Bhatnagar,+91-6796896016
B1759,M6820175,Tanvi Bansal,+91-6581648264
B1760,Y6618695,Chaaya Jaggi,+91-8107223665
B1761,K3474125,Caleb Iyengar,+91-7617717364
B1762,Y5610077,Benjamin Mutti,+91-7178677986
B1763,T5036192,Dayita Varma,+91-8994776964
B1764,Y9919387,Mitali Solanki,+91-9143287667
B1765,G4244474,Zehaan Bansal,+91-9563053223
B1766,A7862351,Rayaan Mangal,+91-9544033967
B1767,L1917085,Ishanvi Batta,+91-7805888557
B1768,F8951456,Garima Mahajan,+91-6749633715
B1769,C8580558,Jeet Pillai,+91-6444629187
B1770,R4496539,Rajeshri Ratta,+91-6794294847
B1771,T7004093,Ria Raju,+91-8442451929
B1772,K1840398,Harinakshi Grover,+91-6963580379
B1773,W0396620,Watika Tank,+91-8981292633
B1774,W8640788,Jhalak Venkataraman,+91-9445418399
B1775,F9516469,Amara Butala,+91-7467805751
B1776,P2303974,Panini Brar,+91-6918284805
B1777,P7089870,Qushi Gole,+91-6743692332
B1778,Y1843113,Chaaya Nagi,+91-9207653333
B1779,D5848580,Harshil Buch,+91-9358738308
B1780,F1196047,Falak Merchant,+91-6436660421
B1781,H9707745,Damini Sehgal,+91-9879976256
B1782,B8231714,Pooja Ganesan,+91-6983554515
B1783,Y9539467,Sachi Panchal,+91-7537490935
B1784,F3596053,Sanya Basak,+91-9179105181
B1785,W4025787,Ira Saran,+91-9655056443
B1786,N0506306,Anvi Bhandari,+91-9990384345
B1787,A5028164,Falan Ravi,+91-6111756387
B1788,G9091203,Januja Varghese,+91-8245229612
B1789,A9452375,Nathaniel Balasubramanian,+91-8348319133
B1790,D9260098,Luke Sarma,+91-7597645551
B1791,M7454492,Bakhshi Date,+91-8902264040
B1792,W9445381,Ekalinga Keer,+91-6777124900
B1793,W1896558,Jeevika Pathak,+91-8918286899
B1794,L6622952,Leela Bali,+91-9156192055
B1795,L6603616,Mitesh Sengupta,+91-9132731256
B1796,R0472660,Kamala Prabhu,+91-8958754004
B1797,C5850153,Sachi Bose,+91-9347389536
B1798,Z1671560,Laksh Wagle,+91-9714267952
B1799,B5224413,Jeevika Rao,+91-8430273044
B1800,R9406453,Dipta Mallick,+91-8845602677
B1801,R9057191,Zaid Comar,+91-9566784800
B1802,K6936561,Atharv Grewal,+91-8866096611
B1803,Y7487680,Xalak Vasa,+91-9152802358
B1804,F3771843,Lila Dalal,+91-6705227409
B1805,F2095673,Adweta Lad,+91-7841100072
B1806,Y7323964,Sanaya Kala,+91-7702015917
B1807,E5326769,Bhavika Swaminathan,+91-7571690544
B1808,T3923852,Ryan Das,+91-7836598184
B1809,F0914016,Krishna Borah,+91-7654336068
B1810,J4234719,Siya Gera,+91-6958666421
B1811,T5515452,Sai Chahal,+91-9447470858
B1812,P9991383,Ekaja Palan,+91-6869465943
B1813,N4332262,Dhruv Mannan,+91-9601909254
B1814,R3316806,Charita Dugar,+91-9130362354
B1815,R0385036,Owen Pathak,+91-8281962431
B1816,Y8424107,Yashoda Kapur,+91-6242030724
B1817,T4067582,Jairaj Iyer,+91-9247875836
B1818,M9062003,Liam Khalsa,+91-8781066645
B1819,N4614974,Wakeeta Bal,+91-9793303150
B1820,X3183997,Jalsa Pillay,+91-6376689804
B1821,Y8609955,Unni Dayal,+91-7253461814
B1822,P6432239,Gabriel Bhatti,+91-6240404944
B1823,D2898115,Dayamai Rao,+91-8344789978
B1824,J0012762,Varenya Vora,+91-8634409591
B1825,K2256787,Nirja Rout,+91-7238263447
B1826,G7887058,Ethan Dass,+91-9660661324
B1827,B6134956,Edhitha Borah,+91-8520278662
B1828,A5867949,Shivani Shukla,+91-7103980685
B1829,Y7236108,Zansi Padmanabhan,+91-7547944517
B1830,C6620165,Kabir Gopal,+91-9834851529
B1831,V6457865,Kai Sant,+91-9478026991
B1832,D2476400,Yadavi Bhakta,+91-9462472142
B1833,V6824051,Jeet Vasa,+91-8374184267
B1834,L1224441,Michael Modi,+91-9417941511
B1835,A2338686,Nitesh Edwin,+91-7998182240
B1836,L7017036,Ekantika Kar,+91-8969613090
B1837,J2386020,Hiral Venkataraman,+91-6680419029
B1838,Y8309413,Bhanumati Brar,+91-6726938297
B1839,P1979797,Zashil Hegde,+91-8264128494
B1840,W4135694,Anvi Dass,+91-8441206349
B1841,B7356748,Chavvi Walla,+91-8635008358
B1842,Z3940598,Girik Thakkar,+91-9101170123
B1843,F9442031,Om Dube,+91-7456614938
B1844,V4907342,Onveer Nazareth,+91-6705076465
B1845,R7748675,Benjamin Balakrishnan,+91-8171611803
B1846,V6482308,Finn Bath,+91-7751088958
B1847,L8684196,Alka Kade,+91-7280727140
B1848,P0586942,Omaja Balasubramanian,+91-9414107655
B1849,V3173066,Widisha Mann,+91-7805666604
B1850,Z1518178,Chasmum Subramanian,+91-8936379822
B1851,E6559469,Yash Ravi,+91-7352937673
B1852,E7237179,Chameli Setty,+91-6262676582
B1853,F3790065,Elijah Bhasin,+91-9159730990
B1854,W4779541,Nakul Sarraf,+91-9437112192
B1855,L3981889,Ojasvi Sule,+91-7596894333
B1856,V1591579,Ucchal Jani,+91-8496848415
B1857,V9626838,Harini Dhawan,+91-9541334646
B1858,G8020761,Dhriti Nagar,+91-9831496025
B1859,D2190518,Hemani Rastogi,+91-9804013071
B1860,D8207066,Kalpit Prabhakar,+91-6588210640
B1861,X2372982,Yutika Cherian,+91-7340414769
B1862,J8649703,Eiravati Khurana,+91-9627024480
B1863,L7896833,Unnati Das,+91-9114248235
B1864,T7312315,Amara Sengupta,+91-6831589220
B1865,L7052187,Yug Dhaliwal,+91-8863332016
B1866,J4045883,Gunbir Bedi,+91-8168602871
B1867,K7012350,Bina Rajagopalan,+91-9222224928
B1868,L6891097,Omya Kothari,+91-9677379805
B1869,B2344568,Nathaniel Narang,+91-9607910712
B1870,X4036640,Dhriti Gupta,+91-7244646506
B1871,Y5737831,Nathaniel Tara,+91-9493044791
B1872,R2927318,Yutika Sibal,+91-7863076502
B1873,B2915854,Wishi Morar,+91-7287958875
B1874,K1651854,Widisha Bajaj,+91-9955876358
B1875,N0734467,Gautam Ramaswamy,+91-7880777200
B1876,D5958417,Yashasvi Shankar,+91-6556012552
B1877,C7050221,Wridesh Kale,+91-6534317284
B1878,X8141344,Ira Bava,+91-6857238597
B1879,X4837740,Chandresh Manda,+91-7675541228
B1880,N4330265,Warda Singhal,+91-9859221556
B1881,F1836677,Bhavika Yadav,+91-9546126710
B1882,P6102563,Abhiram Chokshi,+91-6244340189
B1883,E2349980,Raagini Desai,+91-9554597289
B1884,W3675901,Aishani Pau,+91-6451540744
B1885,E4461440,Neha Pau,+91-7934151436
B1886,M1746564,Chakradev Rattan,+91-6218158489
B1887,W6372631,Charan Hayer,+91-9757495663
B1888,Z5592277,Janani Mani,+91-6420652120
B1889,Y0038502,Ethan Raju,+91-6882336194
B1890,G4448672,Yamini Seshadri,+91-7714892127
B1891,A4733145,Ati Dani,+91-6501355420
B1892,T4932511,Kabir Chatterjee,+91-9664770094
B1893,V7953120,Meera Prakash,+91-8406461916
B1894,H7766183,Harinakshi Pau,+91-8639070425
B1895,B0187314,Maanas Issac,+91-6448507042
B1896,C1436786,Yashodhara Ratti,+91-6959195052
B1897,A7818710,Xiti Baria,+91-8554455523
B1898,K2570680,Chakradev Barad,+91-7362412963
B1899,C5423060,Laksh Nath,+91-7158228844
B1900,F8655052,Urvi Venkataraman,+91-6202904878
B1901,K2066701,Tanmayi Dixit,+91-8443338079
B1902,X9201663,Yutika Dey,+91-7238217410
B1903,E2400539,Falak Nagar,+91-7150671530
B1904,M6201901,Nicholas Ramaswamy,+91-8673576866
B1905,K3391332,Chandani Nayar,+91-9225352608
B1906,G2394564,Yashica Upadhyay,+91-7426717385
B1907,F8644976,Vrishti Mistry,+91-8726689236
B1908,V6634209,Vaishnavi Badal,+91-9905686686
B1909,R7349852,Jyoti Narula,+91-8534614025
B1910,C5266559,Imaran Saha,+91-9920371612
B1911,N2538096,Darika Bala,+91-6386260684
B1912,T5336952,Urvi Lanka,+91-8921073156
B1913,N6535389,Vedant Behl,+91-8903091954
B1914,H2436792,Varsha Garde,+91-8609835246
B1915,C2763835,Lajita Divan,+91-8541119217
B1916,W5863906,Xavier Balay,+91-7417865266
B1917,X7939981,Imaran Halder,+91-8341166057
B1918,V1168371,Anirudh Sastry,+91-6633760050
B1919,G7260720,Dipta Sahota,+91-9974582300
B1920,T8082649,Max Sachar,+91-7231518435
B1921,K6394762,Samar Roy,+91-8254779707
B1922,X2645633,Yachana Sinha,+91-7903213869
B1923,X9403694,David Devi,+91-6817012115
B1924,D2664971,Zilmil Johal,+91-6542052973
B1925,W3353910,Ekta Sridhar,+91-6282330232
B1926,M9016399,Krisha Murthy,+91-6917567004
B1927,C3334437,Oscar Sharaf,+91-7836212307
B1928,J8140984,Hema Pandya,+91-6176406146
B1929,P7930148,Aishani Sule,+91-9111190448
B1930,K9910042,Rehaan Koshy,+91-9547743639
B1931,D6801990,Arya Misra,+91-7230989946
B1932,G4854842,Umang Mishra,+91-8312044441
B1933,C6079179,Bhavya Johal,+91-9163093805
B1934,C5711713,Vrinda Nadig,+91-6725955807
B1935,K0247028,Varsha Palla,+91-6228023421
B1936,E8745271,Anusha Mani,+91-9647690382
B1937,M7646391,Jairaj Raghavan,+91-6140275218
B1938,Z7491619,Megha Pai,+91-7788714643
B1939,E1540131,Madhav Mannan,+91-8155189435
B1940,P9626168,Brijesh Mani,+91-8279551855
B1941,L2741025,Farhan Pal,+91-6859765442
B1942,R9899488,Riya Kunda,+91-9749086625
B1943,K8993005,Varenya Kala,+91-8564592940
B1944,R5635584,Saksham Yohannan,+91-9785209984
B1945,C7266256,Anika Magar,+91-8511008592
B1946,A7001441,Laksh Chopra,+91-9646796602
B1947,Z6240871,Wriddhish Kibe,+91-9539351615
B1948,W9041728,Chandresh Wali,+91-9537704234
B1949,F3811522,Upkaar Kaul,+91-7294327188
B1950,F8240847,Charles Chaudhry,+91-7484309225
B1951,Y9940041,Odika Narayanan,+91-8585729796
B1952,Y1351135,Urmi Chaudhry,+91-7442184789
B1953,R2289206,Laksh Ahluwalia,+91-8625462480
B1954,W0978302,Nakul Ray,+91-6422232001
B1955,D9453419,Vamakshi Sood,+91-6804145387
B1956,J4786742,Ryan Mani,+91-6788869169
B1957,V8930635,Ekani Mangal,+91-6823367600
B1958,H7891213,Daniel Chakraborty,+91-7982636511
B1959,N9905585,Vincent Warrior,+91-8736037933
B1960,X4084290,Baljiwan Gill,+91-9708208946
B1961,Z0452898,Omisha Goda,+91-9171594518
B1962,B6567337,Balhaar Ranganathan,+91-9146419246
B1963,C6527613,Warhi Grewal,+91-6420878001
B1964,X8025308,Bimala Barad,+91-9876192887
B1965,N9929644,Aditya Misra,+91-9293649379
B1966,L0842324,Hredhaan Nayak,+91-8650060512
B1967,A0417241,Bhavani Sha,+91-7527693141
B1968,Y1585574,Wakeeta Desai,+91-7995604142
B1969,T9602425,Yamini Sidhu,+91-7919145719
B1970,G3295945,Anjali Hans,+91-6445915066
B1971,Z8286304,Isaiah Narayanan,+91-9521239642
B1972,F9917217,Nicholas Shanker,+91-7990368516
B1973,E0416782,Aarini Grewal,+91-7733873057
B1974,F6693706,Akshay Nazareth,+91-8906943035
B1975,B3139280,Chakrika Hans,+91-8108149630
B1976,F2061901,Parth Ravi,+91-7327253619
B1977,M9379719,Prisha Varma,+91-6793774286
B1978,A2956162,Falak Chadha,+91-9868307464
B1979,J7185594,Nandini Chandran,+91-9722090698
B1980,Y2304532,Qasim Dey,+91-9798887348
B1981,Z7781456,Vansha Naik,+91-8999652612
B1982,H7019453,Yuvraj Ahuja,+91-9635746975
B1983,P6650527,Advika Rajagopal,+91-7128457066
B1984,X2815780,Warinder Sekhon,+91-6955937129
B1985,Y0223116,Amara Narayan,+91-9125813192
B1986,N7635322,Chasmum Apte,+91-9232182114
B1987,W5921268,Advika Parsa,+91-8544620463
B1988,H7114294,Warinder Bhatia,+91-6131050464
B1989,H7539892,Jagat Shroff,+91-6322456840
B1990,E4659866,Damyanti Dutta,+91-9910638281
B1991,W4178376,Nidra Thakkar,+91-6465960428
B1992,G8201140,Deepa Dalal,+91-7851972908
B1993,P6426735,Chakrika Pillai,+91-9296579255
B1994,J5533756,Timothy Kanda,+91-9541020874
B1995,J8784962,Kiaan Sridhar,+91-8860378644
B1996,M1046250,Michael Sha,+91-7709329827
B1997,P5685120,Kashvi Sagar,+91-9548706636
B1998,T2935097,Urishilla Yogi,+91-8248695033
B1999,C2914650,Tejas Kota,+91-7414292188
